fact_check_source,historical_internal_id,historical_fact_check_id,canonical_fact_check_id,historical_statement_text,canonical_statement_text,ground_truth_label,ground_truth_value,mapping_status
politifact,REP_MOSTLYTRUE_doc1,,greg-abbott-says-22-times-barack-obama-said-he-cou,22 times Barack Obama said he did not have the authority to implement this type of antideportation measure And then the day after he signed this into law he said quote I just changed the law,"""22 times Barack Obama said he did not have the authority to implement this type of"" anti-deportation ""measure. And then the day after he signed this into law, he said, quote, ‘I just changed the law.’""",mostly-true,4,mapped
politifact,REP_MOSTLYTRUE_doc8,,mitt-romney-camp-says-6400-ohioans-lost-manufactur,6400 Ohioanslost manufacturing jobs in the month of September,"""6,400 Ohioans ... lost manufacturing jobs in the month of September.""",mostly-true,4,mapped
politifact,DEM_TRUE_doc5,,most-small-businesses-wont-be-subject-to-obamas-ta,98 percent of small businesses make less than 250000 and would not see a tax increase under Barack Obamas plan,"""98 percent of small businesses make less than $250,000"" and would not see a tax increase under Barack Obama's plan.",true,5,mapped
politifact,REP_FALSE_doc4,,mitch-mcconnell-says-economic-uptick-coincides-exp,A recent economic uptick appears to coincide with the expectation of a new Republican Congress,"A recent economic uptick appears to ""coincide"" with ""the expectation of a new Republican Congress.""",false,1,mapped
politifact,DEM_TRUE_doc1,,alan-grayson-says-united-states-has-fifth-most-une,According to Wikipedia there are only five countries in the entire planet that are more unequal than the United States in the distribution of our wealth,"""According to Wikipedia, there are only five countries in the entire planet that are more unequal than the United States in the distribution of our wealth.""",true,5,mapped
rmit_abc,Labor_Negative_doc9,,5298486,Anthony Albanese says eight out of the worlds top 10 airlines are majority governmentowned,Anthony Albanese says eight out of the world's top 10 airlines are majority government-owned.,negative,0,mapped
rmit_abc,Labor_Positive_doc8,,5776504,Anthony Albanese says the Governments new terror laws mean members of the media face potential penalties of five to 10 years jail for exposing what might be an error made by security agencies,Anthony Albanese says the Government's new terror laws mean members of the media face potential penalties of five to 10 years' jail for exposing what might be an error made by security agencies.,positive,2,mapped
rmit_abc,Labor_Negative_doc5,,5012086,Anthony Albanese says the rules on MP entitlements are pretty clear,"Anthony Albanese says the rules on MP entitlements are ""pretty clear"". ",negative,0,mapped
politifact,DEM_HALFTRUE_doc3,,pascrell-says-22000-americans-die-yearly-because-t,As many as 22000 Americans die each year because they dont have health insurance,"""As many as 22,000 Americans die each year because they don’t have health insurance.""",half-true,3,mapped
politifact,REP_BARELYTRUE_doc10,,chris-christie-claims-he-stopped-assembly-democrat,Assembly Democrats wanted to raise the gas tax by 24 billion We said no to thatTheyre down on the ground Theyre sweating Theyre twitching Its ugly cause I keep saying no,"""(Assembly Democrats) wanted to raise the gas tax by $2.4 billion. We said no to that....They’re down on the ground. They’re sweating. They’re twitching. It’s ugly, ‘cause I keep saying no.""",mostly-false,2,mapped
rmit_abc,Liberal_In_Between_doc6,,4977164,At any discount above 6 or 7 cents per litre it is hard to see how unsubsidised fuel retailers could compete on a sustainable basis,"At any discount above 6 or 7 cents per litre, it is hard to see how unsubsidised fuel retailers could compete on a sustainable basis",in-between,1,mapped
politifact,DEM_MOSTLYTRUE_doc8,,tim-ryan-says-poverty-rate-women-highest-two-decad,Attacks on Planned Parenthood come at a time when the poverty rate among women is the highest in nearly two decades and 1 in 5 women under 65 dont have access to health care,"Attacks on Planned Parenthood ""come at a time when the poverty rate among women is the highest in nearly two decades and 1 in 5 women under 65 don’t have access to health care.""",mostly-true,4,mapped
politifact,DEM_LIE_doc9,,adler-supporters-mike-martinez-money-claim-unsuppo,Austin mayoral candidate Mike Martinez takes corporate money,"Austin mayoral candidate ""Mike Martinez takes corporate money.""",pants-on-fire,0,mapped
rmit_abc,Labor_Positive_doc1,,4866236,Australia is one of only eight countries given a rating of AAA with a stable outlook from all three credit rating agenciesThese are the real facts and no amount of negative political spin will change that,"Australia is one of only eight countries given a rating of AAA with a stable outlook from all three credit rating agencies.""These are the real facts and no amount of negative political spin will change that,""",positive,2,mapped
rmit_abc,Labor_Positive_doc4,,4915222,Australias mum and dad investors selffunded retirees are facing a 16 billion a year slug to pay for Mr Abbotts expensive unaffordable unfair paid parental leave scheme,"Australia's mum and dad investors, self-funded retirees are facing a $1.6 billion a year slug to pay for Mr Abbott's expensive, unaffordable, unfair paid parental leave scheme",positive,2,mapped
politifact,REP_LIE_doc4,,craig-james-says-barack-obama-and-hillary-clinton-,Barack Obama and Hillary Clinton are negotiating with the United Nations about doing a treaty that will ban the use of firearms,"""Barack Obama and Hillary Clinton are negotiating with the United Nations about doing a treaty that will ban the use of firearms.""",pants-on-fire,0,mapped
politifact,DEM_MOSTLYTRUE_doc6,538.json,obama-co-sponsored-illinois-welfare-reform,Barack Obama passed laws moving people from welfare to work,"Barack Obama ""passed laws moving people from welfare to work.""",mostly-true,4,mapped
rmit_abc,Liberal_Negative_doc7,,5088132,Barry OFarrell says NSW collects more from proceeds of crime than all other states and the federal government combined,Barry O'Farrell says NSW collects more from proceeds of crime than all other states and the federal government combined.,negative,0,mapped
rmit_abc,Labor_Positive_doc5,,4934162,Because St Paul said in the New Testament slaves be obedient to your masters And therefore we should have all fought for the Confederacy in the US war I mean for goodness sake the human condition and social conditions change,"Because St Paul said in the New Testament, 'slaves be obedient to your masters'. And, therefore, we should have all fought for the Confederacy in the US war. I mean, for goodness sake, the human condition and social conditions change.",positive,2,mapped
rmit_abc,Labor_Negative_doc10,,5356650,Bill Shorten says Tony Abbott and Christopher Pyne are to blame for WAs Barnett Government cutting 183 million from education and culling 360 teachers and 350 teachers aides and support staff,Bill Shorten says Tony Abbott and Christopher Pyne are to blame for WA's Barnett Government cutting $183 million from education and culling 360 teachers and 350 teachers' aides and support staff. ,negative,0,mapped
politifact,REP_FALSE_doc10,,nh-rep-bill-obrien-says-margaret-sanger-was-active,Birth control pioneer Margaret Sanger wasan active participant in the Ku Klux Klan,"Birth control pioneer Margaret Sanger was ""an active participant in the Ku Klux Klan.""",false,1,mapped
politifact,DEM_MOSTLYTRUE_doc5,2647.json,barbara-boxer-says-carly-fiorina-against-banning-a,Carly Fiorina shes against banning assault weapons,"Carly Fiorina, she's against banning assault weapons.",mostly-true,4,mapped
politifact,DEM_HALFTRUE_doc1,,cumberland-mayor-mckee-says-rhode-island-giving-ce,Central Falls schools are overfunded by state money by as much as 8 million,"Central Falls ""schools are overfunded by state money by as much as $8 million.""",half-true,3,mapped
rmit_abc,Labor_Positive_doc7,,5423392,Chris Bowen says Joe Hockey has doubled the deficit by changes to Government spending and changes to Government assumptions,Chris Bowen says Joe Hockey has doubled the deficit by changes to Government spending and changes to Government assumptions.,positive,2,mapped
rmit_abc,Labor_Negative_doc7,,5099582,Chris Bowen says the Governments decision to scrap a 2000 cap on selfeducation expenses will allow people to travel as much as they like and claim as much as they like,"Chris Bowen says the Government's decision to scrap a $2,000 cap on self-education expenses will allow people to travel as much as they like and claim as much as they like. ",negative,0,mapped
rmit_abc,Liberal_Negative_doc6,,5086058,Christopher Pyne says a VIP Boeing business jet flight from Perth to Canberra taken by a group of WA Liberal MPs was probably cheaper than a commercial flight,Christopher Pyne says a VIP Boeing business jet flight from Perth to Canberra taken by a group of WA Liberal MPs was probably cheaper than a commercial flight,negative,0,mapped
rmit_abc,Liberal_Negative_doc5,,5063342,Christopher Pyne says independent public schools are improving student outcomes in Western Australia,Christopher Pyne says independent public schools are improving student outcomes in Western Australia. ,negative,0,mapped
rmit_abc,Liberal_In_Between_doc7,,4994330,Christopher Pyne says since 2008 Labor has shrunk the international student industry by about a quarter,Christopher Pyne says since 2008 Labor has shrunk the international student industry by about a quarter.,in-between,1,mapped
politifact,REP_TRUE_doc3,,cantor-says-states-are-spending-more-medicaid-publ,Collectively states are spending more on Medicaid than they do on K12 education,"""Collectively states are spending more on Medicaid than they do on K-12 education.""",true,5,mapped
politifact,REP_LIE_doc6,,vin-gopal-targeted-gop-attack-ad-new-jersey-assemb,Corrupt political bosses Money laundering Fraud Its just another day at the office for Vin Gopal,"""Corrupt political bosses. Money laundering. Fraud. It’s just another day at the office for Vin Gopal.""",pants-on-fire,0,mapped
politifact,DEM_FALSE_doc10,,valerie-jarrett-says-nothing-obamacare-forces-peop,FACT Nothing in Obamacare forces people out of their health plans,"""FACT: Nothing in #Obamacare forces people out of their health plans.""",false,1,mapped
rmit_abc,Liberal_Positive_doc6,,5058346,Finance Minister Mathias Cormann says privatising Medibank Private wont cause premiums to increase,Finance Minister Mathias Cormann says privatising Medibank Private won't cause premiums to increase.,positive,2,mapped
politifact,REP_MOSTLYTRUE_doc10,9074.json,rick-scott-says-floridas-vpk-no-1-country-access,Florida ranks first in the nation for access to free prekindergarten,"""Florida ranks first in the nation for access to free prekindergarten.""",mostly-true,4,mapped
rmit_abc,Liberal_Positive_doc4,,5024250,George Brandis has asked the ACT not to give effect to its new samesex marriage laws until their constitutional validity is determined by the High Court,George Brandis has asked the ACT not to give effect to its new same-sex marriage laws until their constitutional validity is determined by the High Court. ,positive,2,mapped
politifact,DEM_HALFTRUE_doc9,,abbott-defended-school-funding-system-and-legislat,Greg Abbott defended more than 5 billion in public school funding cuts in fighting hundreds of school districts in court,Greg Abbott defended more than $5 billion in public school funding cuts in fighting hundreds of school districts in court.,half-true,3,mapped
rmit_abc,Liberal_Negative_doc3,,4989750,Greg Hunt says emissions went up under the carbon price from 560 to 637 million tonnes,Greg Hunt says emissions went up under the carbon price from 560 to 637 million tonnes. ,negative,0,mapped
politifact,DEM_TRUE_doc3,74.json,studies-confirm-premiums-are-up-98-percent,Health insurance premiums have almost doubledsince 2000,"Health insurance premiums ""have almost doubled ... since 2000.""",true,5,mapped
politifact,DEM_BARELYTRUE_doc6,159.json,trying-to-out-rudy-rudy,Heres a man who brags about how he made the city safe It was the Biden crime bill that became the Clinton crime bill that allowed him to do that,"""Here's a man who brags about how he made the city safe. It was the Biden crime bill that became the Clinton crime bill that allowed him to do that.""",mostly-false,2,mapped
politifact,DEM_LIE_doc1,,wisconsin-state-sen-lena-taylor-d-milwaukee-says-h,Hitler abolished unions and thats what Wisconsin Gov Scott Walker is doing today,"Hitler ""abolished unions and that’s what"" Wisconsin Gov. Scott Walker is ""doing today.""",pants-on-fire,0,mapped
politifact,REP_TRUE_doc1,,dean-cannon-says-majority-state-house-has-two-year,House Speaker Dean Cannon says that freshmen lawmakers account for onethird of the 120member House and that twothirds of the chamber have two years or less experience,"House Speaker Dean Cannon says that freshmen lawmakers account for one-third of the 120-member House, and that two-thirds of the chamber have two years or less experience.",true,5,mapped
politifact,REP_TRUE_doc6,,yes-huckabee-pardoned-many,Huckabee granted 1033 pardons and commutationsmore clemencies than the previous three governors combined,"Huckabee ""granted 1,033 pardons and commutations . . . more clemencies than the previous three governors combined.""",true,5,mapped
rmit_abc,Labor_In_Between_doc8,,4961132,I erred by not contesting the label tax for the fixedprice period of the emissions trading scheme I introduced,I erred by not contesting the label 'tax' for the fixed-price period of the emissions trading scheme I introduced,in-between,1,mapped
politifact,REP_BARELYTRUE_doc9,,dewhurst-didnt-personally-cut-taxes-and-some-incre,I have cut taxes 63 times including a 2006 property tax reduction that ranks as the largest in state history,"""I have cut taxes 63 times, including a 2006 property tax reduction that ranks as the largest in state history.""",mostly-false,2,mapped
politifact,DEM_FALSE_doc2,,us-rep-gwen-moore-says-her-district-fourth-poorest,I represent the fourthpoorest congressional district in the nation,"""I represent the fourth-poorest (congressional) district"" in the nation.",false,1,mapped
rmit_abc,Liberal_Negative_doc2,,4899740,I think it is important to do what we reasonably can to get them up again I just wish that this Government hadnt presided over a reduction in vaccination rates,I think it is important to do what we reasonably can to get them up again... I just wish that this Government hadn't presided over a reduction in vaccination rates.,negative,0,mapped
politifact,REP_LIE_doc1,,fred-karger-says-mitt-romney-would-have-put-loyalt,If a President Romney got a call from the president of the Mormon church he has no choice but to obey It is obedience over family and country,"""If a President Romney got a call from the president of the (Mormon church), he has no choice but to obey. It is obedience over family and country.""",pants-on-fire,0,mapped
rmit_abc,Labor_In_Between_doc4,,4914434,If we were to build this entire 1750km high speed rail project from Brisbane to Melbourne by 2035 it would cost less than Mr Abbotts unaffordable unfair paid parental leave scheme for the same period of time,"If we were to build this entire 1,750km high speed rail project from Brisbane to Melbourne by 2035, it would cost less than Mr Abbott's unaffordable, unfair paid parental leave scheme for the same period of time",in-between,1,mapped
rmit_abc,Liberal_In_Between_doc4,,4928548,If you are spending over 1 billion a year on additional bureaucracies you are not spending it on patients That is the reality and people know it as theyre waiting longer to see their GPThey know it as theyre waiting longer for elective surgery around the country,"If you are spending over $1 billion a year on additional bureaucracies you are not spending it on patients, That is the reality and people know it, as they're waiting longer to see their GP.""They know it as they're waiting longer for elective surgery around the country.",in-between,1,mapped
politifact,DEM_BARELYTRUE_doc4,,joe-biden-says-closing-northeast-corridor-would-fo,If you shut down Amtraks Northeast Corridor its estimated youd have to add seven new lanes to I95 to accommodate the increased traffic,"""If you shut down Amtrak's Northeast Corridor, it's estimated you'd have to add seven new lanes to I-95 to accommodate the increased traffic.""",mostly-false,2,mapped
rmit_abc,Labor_In_Between_doc1,,4842978,If you take the unaccompanied children I am their legal guardian I am in a situation where I have to substitute the level of responsibility by law that would otherwise equate to a parent,"If you take the unaccompanied children, I am their legal guardian. I am in a situation where I have to substitute the level of responsibility by law that would otherwise equate to a parent",in-between,1,mapped
politifact,REP_TRUE_doc8,,wifes-assets-company-not-conflict-interest-casino-,Ilana Shafran Mandels stake in Forest City Enterprises constitutes significantly less than 1 percent of the companys shares and any implication of a conflict of interest is legally incorrect,"Ilana Shafran Mandel’s stake in Forest City Enterprises ""constitutes significantly less than 1 percent"" of the company’s shares and any implication of a conflict of interest ""is legally incorrect.""",true,5,mapped
politifact,DEM_TRUE_doc7,,marcia-fudge-says-black-voters-accounted-56-percen,In Cuyahoga County56 percent of weekend voters in 2008 were African American while adult African Americans comprise 28 percent of the county population,"""In Cuyahoga County ... 56 percent of weekend voters in 2008 were African American while adult African Americans comprise 28 percent of the county population.""",true,5,mapped
politifact,REP_HALFTRUE_doc10,,todd-staples-says-21-percent-2009-texas-high-schoo,In the fall of 2009 only 21 percent of Texas high school graduates enrolled in a fouryear public university,"In ""the fall of 2009, only 21 percent of Texas high school graduates enrolled in a four-year public university.""",half-true,3,mapped
politifact,REP_FALSE_doc8,,us-rep-lamar-smith-says-border-death-toll-28000,In the last five years 28000 people have been killed along the USMexico border,"""In the last five years, 28,000 people have been killed along the U.S.-Mexico border.""",false,1,mapped
rmit_abc,Liberal_Positive_doc3,,5014018,Industry Minister Ian Macfarlane says Australia is set to become the worlds second largest or largest exporter of LNG,Industry Minister Ian Macfarlane says Australia is set to become the world's second largest or largest exporter of LNG.,positive,2,mapped
rmit_abc,Labor_Negative_doc4,,4908332,It is 22 billion Mr Rudd said on the ABCs QA program on September 2It is more than we spend for the entire nation on childcare support for all those families out there with kids in childcare It is a bigger number than that,"It is $22 billion,"" Mr Rudd said on the ABC's Q&A program on September 2.""It is more than we spend for the entire nation on childcare support for all those families out there with kids in childcare. It is a bigger number than that.""",negative,0,mapped
rmit_abc,Labor_In_Between_doc2,,4896412,Its free for your home or business to connect no matter if you live in the suburbs on a farm or in the city Its 40 times faster than the second rate network Tony Abbott wants to build which relies on last centurys copper technology Even as you watch this video its being built all around the country with thousands of homes and businesses already connected,"It's free for your home or business to connect no matter if you live in the suburbs, on a farm, or in the city, It’s 40 times faster than the second rate network Tony Abbott wants to build, which relies on last century's copper technology, Even as you watch this video it’s being built all around the country with thousands of homes and businesses already connected.",in-between,1,mapped
rmit_abc,Liberal_Positive_doc9,,5310736,Joe Hockey says Australia has the fastest growth in spending and third highest growth in debt among 17 countries surveyed by the International Monetary Fund,Joe Hockey says Australia has the fastest growth in spending and third highest growth in debt among 17 countries surveyed by the International Monetary Fund. ,positive,2,mapped
rmit_abc,Liberal_In_Between_doc10,,5050616,Joe Hockey says raising Australias debt ceiling from 300 billion to 500 billion will prevent a USstyle crisis,Joe Hockey says raising Australia's debt ceiling from $300 billion to $500 billion will prevent a US-style crisis. ,in-between,1,mapped
politifact,REP_TRUE_doc5,,mccain-spoke-up-early,John McCain stood up to the president and sounded the alarm on global warmingfive years ago,"""John McCain stood up to the president and sounded the alarm on global warming ... five years ago.""",true,5,mapped
politifact,DEM_BARELYTRUE_doc5,,mccain-thinks-yucca-site-will-be-more-secure,John McCain worries about nuclear waste in Arizona but not in Nevada,"John McCain worries about nuclear waste in Arizona, but not in Nevada.",mostly-false,2,mapped
rmit_abc,Labor_In_Between_doc9,,5020718,Katy Gallagher says the ACTs marriage equality laws can operate concurrently with the federal Marriage Act,Katy Gallagher says the ACT's marriage equality laws can operate concurrently with the federal Marriage Act.,in-between,1,mapped
rmit_abc,Liberal_Negative_doc9,,5270252,Kelly ODwyer says Australia has one of the highest per capita refugee intakes in the world,Kelly O'Dwyer says Australia has one of the highest per capita refugee intakes in the world.,negative,0,mapped
rmit_abc,Labor_In_Between_doc10,,5075988,Kim Carr says economic modelling shows it would cost more money to lose the car industry than it would to subsidise it,Kim Carr says economic modelling shows it would cost more money to lose the car industry than it would to subsidise it.,in-between,1,mapped
rmit_abc,Liberal_Positive_doc7,,5252596,Malcolm Turnbull says Australian farmers are among the least subsidised in the world,Malcolm Turnbull says Australian farmers are among the least subsidised in the world. ,positive,2,mapped
politifact,REP_FALSE_doc9,7997.json,allen-west-says-more-americans-receive-food-aid-wo,More Americans receive food aid than work in the private sector,"""More Americans receive food aid than work in (the) private sector.""",false,1,mapped
politifact,REP_MOSTLYTRUE_doc2,,2016-horizon-scott-walker-asserts-his-appeal-among,More than any Republican governor in the 2014 elections I took a higher percentage of the Republican voteand yet I also carried independents by 12 points,"More than any Republican governor in the 2014 elections, ""I took a higher percentage of the Republican vote""and ""yet I also carried independents by 12 points.""",mostly-true,4,mapped
politifact,DEM_MOSTLYTRUE_doc7,,sherrod-brown-says-unemployment-among-young-vets-t,More than one in five of veterans aged 20 to 24 cant find a job to support their family or to ease the transition to civilian life,"""More than one in five of veterans aged 20 to 24 can’t find a job to support their family or to ease the transition to civilian life.""",mostly-true,4,mapped
rmit_abc,Labor_Negative_doc3,,4906242,Mr Abbott seems to be suffering from just a little bit of amnesia Mr Rudd saidWhen he was health minister he cut 1 billion from the public hospitals budget of Australia,"Mr Abbott seems to be suffering from just a little bit of amnesia,"" Mr Rudd said.""When he was health minister he cut $1 billion from the public hospitals budget of Australia",negative,0,mapped
rmit_abc,Labor_In_Between_doc6,,4925242,Mr Abbott will cut funding for every school in Australia which means bigger classes less teachers less support staff less programs,"Mr Abbott will ""cut funding for every school in Australia which means bigger classes, less teachers, less support staff, less programs,""",in-between,1,mapped
politifact,REP_FALSE_doc6,,scott-walker-says-mary-burke-supported-18-percent-,My opponent supported policies that increased tuition by 18 percent,"""My opponent supported policies that increased tuition by 18 percent.""",false,1,mapped
rmit_abc,Liberal_Positive_doc5,,5037662,NSW Premier Barry OFarrell says his Government has increased the amount of hazard reduction twoandahalf times,NSW Premier Barry O'Farrell says his Government has increased the amount of hazard reduction two-and-a-half times.,positive,2,mapped
politifact,DEM_FALSE_doc4,,robert-menendez-says-new-jersey-budget-shortfall-m,New Jersey alone my home state is facing a tenandahalf billion dollar shortfall in its 2012 fiscal budget This means more cuts in state and local spending for education which means our kids are hurt,"""New Jersey alone, my home state, is facing a ten-and-a-half billion dollar shortfall in its 2012 fiscal budget. This means more cuts in state and local spending for education, which means our kids are hurt.""",false,1,mapped
politifact,REP_LIE_doc9,,lawmaker-claims-democrats-want-hit-small-businesse,Ninetyfour percent of small businesses will face higher taxes under the Democrats plan,"""Ninety-four percent of small businesses will face higher taxes under the Democrats' plan.""",pants-on-fire,0,mapped
politifact,REP_FALSE_doc5,,mccain-ad-repeats-error,Obama says Iran is a tiny country doesnt pose a serious threat,"""Obama says Iran is a 'tiny' country, 'doesn't pose a serious threat.'""",false,1,mapped
politifact,REP_LIE_doc3,,michele-bachmann-says-70-percent-food-stamp-fundin,Of every three dollars in food stamps for the needy seven dollars in salaries and pensions go to the bureaucrats who are supposed to be taking care of the poor,"Of every ""three dollars in food stamps for the needy, seven dollars in salaries and pensions (go to) the bureaucrats who are supposed to be taking care of the poor.""",pants-on-fire,0,mapped
politifact,REP_TRUE_doc7,,ohio-senate-president-keith-faber-says-ohio-among-,Ohio companies export more goods and services globally than 41 other states,"""Ohio companies export more goods and services globally than 41 other states.""",true,5,mapped
politifact,DEM_FALSE_doc9,,frank-pallone-says-twitter-republicans-have-contro,One year today since GOP took control of the House and no new jobs,"""One year today since #GOP took control of the House"" and ""no new jobs.""",false,1,mapped
rmit_abc,Labor_Positive_doc6,,5135064,Opposition Leader Bill Shorten says the Coalition has broken its election promise that no school will be worse off than it would have been under Labors Gonski funding plans,Opposition Leader Bill Shorten says the Coalition has broken its election promise that no school will be worse off than it would have been under Labor's Gonski funding plans.,positive,2,mapped
rmit_abc,Labor_Negative_doc8,,5255490,Opposition workplace relations spokesman Brendan OConnor says the 2001 Building and Construction Industry Royal Commission cost 66 million equating to 100 million in todays dollars,"Opposition workplace relations spokesman Brendan O'Connor says the 2001 Building and Construction Industry Royal Commission cost $66 million, equating to $100 million in today's dollars. ",negative,0,mapped
politifact,DEM_HALFTRUE_doc6,,obama-numbers-income-explanation,Our economy could fall 1 trillion short of its full capacity which translates into more than 12000 in lost income for a family of four,"""Our economy could fall $1 trillion short of its full capacity, which translates into more than $12,000 in lost income for a family of four.""",half-true,3,mapped
rmit_abc,Labor_In_Between_doc7,,4932488,Our support and coinvestment for the car industry in Australia equals the equivalent of about 18 per head per year Mr Rudd saidIn the United States it is something like 90 per head per year and in Germany it is 96 per head per year,"Our support and co-investment for the car industry in Australia equals the equivalent of about $18 per head per year,"" Mr Rudd said.""In the United States it is something like $90 per head per year, and in Germany it is $96 per head per year.",in-between,1,mapped
politifact,REP_MOSTLYTRUE_doc4,,gov-chris-christie-claims-only-17-150000-tenured-n,Out of 150000 tenured teachers in the last 10 years only 17 have been dismissed for incompetence,"Out of 150,000 tenured teachers in the last 10 years, only 17 have been dismissed for incompetence.",mostly-true,4,mapped
politifact,DEM_HALFTRUE_doc5,,barack-obama-state-union-says-us-has-cut-carbon-po,Over the past eight years the United States has reduced our total carbon pollution more than any other nation on Earth,"""Over the past eight years, the United States has reduced our total carbon pollution more than any other nation on Earth.""",half-true,3,mapped
rmit_abc,Liberal_Positive_doc2,,4935372,People have illegally entered Australia when theyve come without a valid visa,People have illegally entered Australia when they've come without a valid visa.,positive,2,mapped
rmit_abc,Labor_Positive_doc9,,6030880,Queensland Opposition Leader Annastacia Palaszczuk says the jobless rate is the highest for 11 years There are almost 31000 more Queenslanders without a job since March 2012 She blames the LNP government,"Queensland Opposition Leader Annastacia Palaszczuk says the ""jobless rate is the highest for 11 years... There are almost 31,000 more Queenslanders without a job since March 2012"". She blames the LNP government.",positive,2,mapped
politifact,REP_HALFTRUE_doc1,,carcieri-says-tax-repeal-spawned-new-business,Repealing the sales tax on boats in Rhode Island has spawned 2000 companies 7000 jobs and close to 2 billion a year in sales activity,"Repealing the sales tax on boats in Rhode Island has spawned 2,000 companies, 7,000 jobs and close to $2 billion a year in sales activity.",half-true,3,mapped
politifact,DEM_BARELYTRUE_doc8,,wisconsin-state-rep-cory-mason-says-republican-bil,Republican small business tax cut bill spends 80 million for better Google searches not job creation,"""Republican (small business tax cut) bill spends $80 million for better Google searches, not job creation""",mostly-false,2,mapped
rmit_abc,Liberal_In_Between_doc3,,4923258,Research by the CSIRO shows carbon emissions can be reduced by 20 per cent over 40 years using nature soils and trees,"Research by the CSIRO shows carbon emissions can be reduced by 20 per cent over 40 years using nature, soils and trees",in-between,1,mapped
politifact,DEM_LIE_doc8,,gina-raimondo-says-providence-taxes-rose-nearly-27,Residential property taxes in Providence are up nearly 27 percent under Mayor Taveras,"""Residential property taxes [in Providence] are up nearly 27 percent under Mayor Taveras.""",pants-on-fire,0,mapped
politifact,REP_LIE_doc5,,mitt-romney-obama-chrysler-sold-italians-china-ame,Says Barack Obama sold Chrysler to Italians who are going to build Jeeps in China at the cost of American jobs,"Says Barack Obama ""sold Chrysler to Italians who are going to build Jeeps in China"" at the cost of American jobs.",pants-on-fire,0,mapped
politifact,REP_MOSTLYTRUE_doc6,,chris-christie-ad-claims-barbara-buono-voted-give-,Says Barbara Buono voted to raise her own pay 40 percent,"Says Barbara Buono ""voted to raise her own pay 40 percent.""",mostly-true,4,mapped
politifact,REP_BARELYTRUE_doc5,,wisconsin-recall-gov-scott-walker-says-opponent-to,Says Democratic recall opponent Tom Barrett is campaigning on lifting property tax limits,"Says Democratic recall opponent Tom Barrett is campaigning on ""lifting property tax"" limits.",mostly-false,2,mapped
politifact,REP_LIE_doc8,7077.json,chris-christie-claims-again-he-was-first-governor-,Says I was the first governor in America to endorse Mitt Romney,"Says ""I was the first governor in America to endorse Mitt Romney.""",pants-on-fire,0,mapped
politifact,DEM_MOSTLYTRUE_doc4,5599.json,rep-marcy-kaptur-says-lake-erie-has-more-native-fi,Says Lake Erie contains more native fish than all the other Great Lakes combined,Says Lake Erie contains more native fish than all the other Great Lakes combined.,mostly-true,4,mapped
politifact,DEM_MOSTLYTRUE_doc9,,us-rep-gwen-moore-ridicules-mitch-mcconnell-credit,Says Mitch McConnell credits Republicans for recent economic improvements even though they took control of the Senate only days ago,"Says Mitch McConnell credits Republicans ""for recent economic improvements"" even though they took control of the Senate only ""days ago.""",mostly-true,4,mapped
politifact,DEM_LIE_doc6,6328.json,romney-abortion-rape-incest,Says Mitt Romney backed a bill that outlaws all abortions even in cases of rape and incest,"Says Mitt Romney ""backed a bill that outlaws all abortions, even in cases of rape and incest.""",pants-on-fire,0,mapped
politifact,DEM_FALSE_doc5,,obama-ad-says-romney-opposes-gay-adoption,Says Mitt Romney would deny gay people the right to adopt children,Says Mitt Romney would deny gay people the right to adopt children.,false,1,mapped
politifact,REP_LIE_doc10,6288.json,obamacare-largest-ever-tax-middle-class-gop-us-sen,Says Obamacare is the largest middleclass tax increase in history,"Says ""Obamacare"" is ""the largest middle-class tax increase in history.""",pants-on-fire,0,mapped
politifact,DEM_TRUE_doc10,,liberal-website-says-rep-jim-weidner-tried-take-he,Says Rep Jim Weidner proposed a bill taking away health care for 80000 of Oregons children,"Says ""Rep. Jim Weidner proposed a bill taking away health care for 80,000 of Oregon's children.""",true,5,mapped
politifact,DEM_FALSE_doc6,,race-metro-bob-stacey-says-tom-hughes-wants-turn-p,Says Tom Hughes supports paving over thousands of acres with overdevelopment and sprawl,Says Tom Hughes supports paving over thousands of acres with over-development and sprawl.,false,1,mapped
politifact,REP_MOSTLYTRUE_doc5,,fighting-recall-wisconsin-gov-scott-walker-says-do,Says Wisconsin Democrats during the previous administration adopted doubledigit tax increases,"Says Wisconsin Democrats during the previous administration adopted ""double-digit tax increases.""",mostly-true,4,mapped
politifact,DEM_FALSE_doc8,,mary-burke-abbott-deal-had-strong-protections-taxp,Says a 125 million incentive deal she approved for Abbott Laboratories contained strong protections for taxpayers if job creation goals were not met,"Says a $12.5 million incentive deal she approved for Abbott Laboratories contained ""strong protections for taxpayers if job creation goals were not met.""",false,1,mapped
politifact,DEM_LIE_doc4,,sen-sandra-cunningham-claims-new-jersey-residents-,Says a Senate resolution would restore 140 in monthly general assistance payments and prevent people from committing crime,Says a Senate resolution would restore $140 in monthly general assistance payments and prevent people from committing crime.,pants-on-fire,0,mapped
politifact,REP_TRUE_doc4,,gov-bob-mcdonnell-says-hes-proposed-record-contrib,Says hes proposed the largest employer contribution to the Virginia Retirement System in history,"Says he’s proposed ""the largest employer contribution to the Virginia Retirement System in history.""",true,5,mapped
politifact,DEM_HALFTRUE_doc10,,wall-street-businesses-have-returned-money-ohio-ri,Says his office has already recovered over 2 billion from Wall Street for the workers retirees and investors who were harmed,"Says his office ""has already recovered over $2 billion from Wall Street for the workers, retirees, and investors who were harmed.""",half-true,3,mapped
politifact,DEM_BARELYTRUE_doc2,,democratic-leader-offers-cautionary-tale-gov-chris,Says in January 1992 George H W Bush probably had a 90 percent or even higher approval rating after the first Gulf War,"Says in January 1992, George H. W. Bush ""probably had a 90 percent or even higher approval rating after the first Gulf War.""",mostly-false,2,mapped
politifact,DEM_MOSTLYTRUE_doc10,,paul-sadler-says-he-and-others-gave-texas-teachers,Says in his years as a Texas legislator we passed three pay increases for teachers and provided them with health insurance,"Says in his years as a Texas legislator, ""we passed three pay increases for teachers and provided them with health insurance.""",mostly-true,4,mapped
politifact,REP_HALFTRUE_doc2,,rick-perry-says-neither-mexico-president-felipe-ca,Says neither President Barack Obama nor Mexico President Felipe Calderon have been on the border to see whats happening to the citizens of Mexico and for that matter the citizens of Texas,"Says neither President Barack Obama nor Mexico President Felipe Calderon ""have been on the border to see what's happening to the citizens of Mexico, and for that matter the citizens of Texas.""",half-true,3,mapped
politifact,REP_HALFTRUE_doc7,,steve-munisteri-republican-party-chair-says-austin,Says the Austin chapter of the League of Women Voters has no Republicans among elected officers or on its debate committee,Says the Austin chapter of the League of Women Voters has no Republicans among elected officers or on its debate committee.,half-true,3,mapped
politifact,DEM_TRUE_doc2,7185.json,are-administrative-costs-capped-5-percent-portland,Says the Portland Childrens Levy holds its administrative expenses to less than 5 percent,"Says the Portland Children’s Levy holds its ""administrative expenses to less than 5 percent.""",true,5,mapped
politifact,DEM_LIE_doc10,,wisconsin-democratic-party-spokesman-zielinski-say,Says the Wisconsin Republican Party tweeted Happy International Womens Day You ladies should get paid less and not be able to make health care decisions,"Says the Wisconsin Republican Party tweeted ""Happy International Women's Day! You ladies should get paid less and not be able to make health care decisions.""",pants-on-fire,0,mapped
politifact,REP_LIE_doc2,,newt-gingrich-blasts-1990s-ethics-investigation-hi,Says the congressional ethics investigation against him was conducted by a very partisan political committee in a way that related more to the politics of the Democratic Party than to ethics,"Says the congressional ethics investigation against him was conducted by ""a very partisan political committee"" in a way that ""related more to the politics of the Democratic Party than to ethics.""",pants-on-fire,0,mapped
politifact,REP_FALSE_doc1,,ron-paul-says-newsletters-contained-only-eight-or-,Says there were only about eight or 10 inflammatory sentences in his newsletters,"Says there were only ""about eight or 10"" inflammatory sentences in his newsletters.",false,1,mapped
politifact,REP_TRUE_doc10,,state-rep-jason-isaac-says-diem-costs-taxpayers-27,Says this months special session will cost the state 27300 a day just for legislators daily living expenses,"Says this month’s special session will cost the state $27,300 a day just for legislators’ daily living expenses.",true,5,mapped
politifact,REP_FALSE_doc7,,scott-walker-says-scientists-agree-adult-stem-cell,Scientists have shown us that the greater possibilities the real science movement has been with adult stem cell research It has not been with embryonic,"""Scientists have shown us (that) the greater possibilities, the real science movement, has been with adult stem cell research. It has not been with embryonic.""",false,1,mapped
politifact,DEM_LIE_doc2,,scott-walker-plans-end-income-tax-more-double-sale,Scott Walkers income tax plan is a tax hike It increases taxes for nearly 80 of the people in the state,"Scott Walker's income ""tax plan is a tax hike. It increases taxes for nearly 80% of the people in the state.""",pants-on-fire,0,mapped
rmit_abc,Liberal_In_Between_doc2,,4912726,Scrapping the carbon tax means every household will be 550 a year better off,"Scrapping the carbon tax ""means every household will be $550 a year better off""",in-between,1,mapped
politifact,DEM_HALFTRUE_doc8,,kilmartin-says-secure-communities-program-has-prov,Secure Communities has a proven track record of enhancing public safety by focusing on violent offenders and those that pose a threat to our communities and our national security,"Secure Communities ""has a proven track record of enhancing public safety by focusing on violent offenders and those that pose a threat to our communities and our national security.""",half-true,3,mapped
politifact,DEM_FALSE_doc3,,obama-knows-mccains-intentions-better-than-mccain,Senator McCain would pay for part of his health care plan by making drastic cuts in Medicare 882billion worth,"""Senator McCain would pay for part of his (health care) plan by making drastic cuts in Medicare — $882-billion worth.""",false,1,mapped
rmit_abc,Labor_Positive_doc10,,6365098,Shadow treasurer Chris Bowen says the top 10 per cent of income earners get more than 30 per cent of tax concessions in superannuation,Shadow treasurer Chris Bowen says the top 10 per cent of income earners get more than 30 per cent of tax concessions in superannuation.,positive,2,mapped
politifact,DEM_MOSTLYTRUE_doc2,,obama-says-veteran-homelessness-has-been-cut-third,Since 2009 weve cut homelessness among veterans by a third,"Since 2009, ""we've cut homelessness (among veterans) by a third.""",mostly-true,4,mapped
politifact,REP_BARELYTRUE_doc8,,dave-brat-says-obama-has-issued-468500-pages-regul,Since President Obama took office in January 2009 the federal government has issued more than 468500 pages of regulations,"""Since President Obama took office in January 2009, the federal government has issued more than 468,500 pages of regulations.""",mostly-false,2,mapped
politifact,REP_HALFTRUE_doc6,,us-rep-paul-ryan-says-obama-increased-spending-nea,Since taking office President Obama has signed into law spending increases of nearly 25 percent for domestic government agencies an 84 percent increase when you include the failed stimulus,"""Since taking office, President Obama has signed into law spending increases of nearly 25 percent for domestic government agencies, an 84 percent increase when you include the failed stimulus.""",half-true,3,mapped
politifact,REP_BARELYTRUE_doc1,,gov-john-kasich-touts-administration-role-creating,Since the beginning of the year weve created a net increase of 45000 jobs,"""Since the beginning of the year we've created a net increase of 45,000 jobs.""",mostly-false,2,mapped
politifact,REP_HALFTRUE_doc8,,special-voting-access-military-nothing-new-dates-c,Since the time of the Civil War weve made a distinction in this country between the availability and the ability to access for people who were in the military versus the rest of us to vote,"""Since the time of the Civil War, we've made a distinction in this country between the availability and the ability to access for people who were in the military, versus the rest of us, to vote.""",half-true,3,mapped
politifact,DEM_BARELYTRUE_doc1,7159.json,social-security-doesnt-contribute-national-debt-sa,Social Security has not contributed to the debt and the deficits,Social Security has not contributed to the debt and the deficits.,mostly-false,2,mapped
politifact,DEM_HALFTRUE_doc7,,democrat-leader-says-gop-policies-not-doing-enough,State revenue projections have missed the mark month after month,"""State revenue projections have missed the mark month after month.""",half-true,3,mapped
politifact,DEM_BARELYTRUE_doc7,5337.json,nickie-antonio-says-restrictive-abortion-laws-actu,"Statistics bear out that any time a country, a state, makes more restrictive abortion laws ... fatalities go up and abortions actually increase.","""Statistics bear out that any time a country, a state, makes more restrictive abortion laws ... fatalities go up and abortions actually increase.""",mostly-false,2,mapped
rmit_abc,Labor_Negative_doc6,,5038372,Tanya Plibersek says the last time there was only one woman in Cabinet was 1976,Tanya Plibersek says the last time there was only one woman in Cabinet was 1976.,negative,0,mapped
politifact,REP_BARELYTRUE_doc4,,rick-perry-says-texas-shot-no-2-no-27-high-school-,Texas high school graduation rate went from 27th in the country in 2002 to second highest in the country in 2013,"""Texas’ high school graduation rate went from 27th in the country in 2002, to second highest in the country in 2013.""",mostly-false,2,mapped
politifact,REP_HALFTRUE_doc9,,glenn-hegar-says-texas-owns-its-public-lands-uncle,Texas still owns all of its public lands If the federal govt wants to create a park they must ask permission,"""Texas still owns all of its public lands. If the federal gov't wants to create a park, they must ask permission!""",half-true,3,mapped
rmit_abc,Labor_Negative_doc2,,4871852,The Labor Party has repeatedly claimed the Coalition needs to make cuts of 70 billion to vital services to balance the budget,The Labor Party has repeatedly claimed the Coalition needs to make cuts of $70 billion to vital services to balance the budget.,negative,0,mapped
politifact,REP_LIE_doc7,,cantor-says-us-paid-seniors-12-million-play-world-,The National Science Foundation spent 12 million paying seniors to play World of Warcraft to study the impact it had on their brain,"""The National Science Foundation spent $1.2 million paying seniors to play World of Warcraft to study the impact it had on their brain.""",pants-on-fire,0,mapped
politifact,REP_BARELYTRUE_doc3,,rubio-criticizes-space-budget,The Obama administration spent more money on the Cash for Clunkers program than the space program,"The Obama administration ""spent more money on the Cash for Clunkers program than the space program.""",mostly-false,2,mapped
politifact,DEM_LIE_doc3,,rep-cicilline-says-wic-costs-100-person-and-18-per,The WIC program is an incredibly cost effective program serving nearly 10 million Americans each year and costing less than 100 per person In my district more than 18 percent of residents suffer from food insecurity and depend on WIC to make ends meet,"The WIC program ""is an incredibly cost effective program, serving nearly 10 million Americans each year and costing less than $100 per person. In my district, more than 18 percent of residents suffer from food insecurity and depend on WIC to make ends meet.""",pants-on-fire,0,mapped
politifact,DEM_TRUE_doc9,,rep-dennis-kucinich-calls-end-americas-longest-war,The War in Afghanistan is officially the longest war Americans have ever been asked to endure,"""The War in Afghanistan is officially the longest war Americans have ever been asked to endure.""",true,5,mapped
politifact,REP_HALFTRUE_doc5,,perry-says-houston-has-more-debt-capita-california,The city of Houston now has more debt per capita than California,"""The city of Houston now has more debt per capita than California.""",half-true,3,mapped
politifact,DEM_BARELYTRUE_doc9,3142.json,johnson-says-economy-better-obama-became-president,The economy we preside over today is better than the one we inherited,"""The economy we preside over today is better than the one we inherited.""",mostly-false,2,mapped
politifact,REP_BARELYTRUE_doc2,,expiration-bush-tax-cuts-largest-increase,The expiration of the Bushera tax cutswould be the biggest tax increase in the history of the country about 46 trillion over 10 years,"""The expiration of the Bush-era tax cuts ... would be the biggest tax increase in the history of the country, about $4.6 trillion over 10 years.""",mostly-false,2,mapped
politifact,DEM_TRUE_doc4,,ohio-first-state-professional-baseball-team,The first professional baseball team was from an Ohio city,"""The first professional baseball team was from an Ohio city.""",true,5,mapped
rmit_abc,Labor_In_Between_doc3,,4905958,The milliondollar male gets to pick up 5000 10000 worth of cash out of this paid parental leave scheme that Mr Abbott is putting forward he saidI dont think thats fair I dont think its fair that someone picks up 75000,"The million-dollar male gets to pick up $5,000, $10,000 worth of cash out of this paid parental leave scheme that Mr Abbott is putting forward,"" he said.""I don't think that's fair. I don't think it's fair that someone picks up $75,000.",in-between,1,mapped
politifact,DEM_HALFTRUE_doc4,8623.json,barack-obama-says-minimum-wage-higher-now-under-ha,The minimum wage in real terms right now is below where it was when Harry Truman was in office,"The minimum wage ""in real terms right now is below where it was when Harry Truman was in office.""",half-true,3,mapped
politifact,REP_HALFTRUE_doc4,,mitt-romney-says-annual-new-business-startups-have,The number of new businesses started per year has dropped by 100000 during this presidents term,"""The number of new businesses started per year has dropped by 100,000 during this president’s term.""",half-true,3,mapped
politifact,DEM_HALFTRUE_doc2,,democratic-challenger-gov-scott-walker-says-state-,The state budget has actually grown by 46 billion under Gov Scott Walkers actions,"""The state budget has actually grown by $4.6 billion under"" Gov. Scott Walker’s actions.",half-true,3,mapped
politifact,REP_BARELYTRUE_doc7,3329.json,george-allen-says-barack-obama-promised-stimulus-w,The stimulus bill promised to keep unemployment under 8,"The stimulus bill ""promised to keep unemployment under 8%.""",mostly-false,2,mapped
politifact,REP_TRUE_doc2,,desantis-says-obamacare-tax-cheaper-insurance,The tax penalty that the government imposes if you dont buy health insurance is lower than it would have cost to buy insurance,"The tax penalty that the government imposes if you don't buy health insurance ""is lower than it would have cost to buy insurance.""",true,5,mapped
politifact,REP_MOSTLYTRUE_doc3,,rep-virginia-foxx-warns-mismatch-between-skills-av,There are 36 million jobs sitting vacant in part because there arent enough qualified applicants to fill them,"""There are 3.6 million jobs sitting vacant, in part because there aren’t enough qualified applicants to fill them.""",mostly-true,4,mapped
rmit_abc,Liberal_In_Between_doc5,,4935500,They said in 2007 theyd build 2650 trade training centres They built about 230,"They said in 2007 they'd build 2,650 trade training centres. They built about 230",in-between,1,mapped
rmit_abc,Liberal_Positive_doc1,,4889778,Thirty per cent went home 30 per cent went to a country other than Australia and yes 40 per cent did come to Australia but the Prime Minister owes it to the Australian people to get his facts right,"Thirty per cent went home, 30 per cent went to a country other than Australia and, yes, 40 per cent did come to Australia but the Prime Minister owes it to the Australian people to get his facts right",positive,2,mapped
politifact,REP_FALSE_doc2,,allen-west-says-spending-cuts-are-part-debt-ceilin,This is the first time in the history that weve had the raising of a debt limit also with spending cuts,"""This is the first time in the history that we've had the raising of a debt limit also with spending cuts.""",false,1,mapped
politifact,REP_HALFTRUE_doc3,,pence-says-democrats-plan-spend-tarp-money-economi,To use money from the TARP fund in the manner that is being discussed by the White House and congressional Democrats would be a violation of the law,"""To use money from the TARP fund in the manner that is being discussed by the White House and congressional Democrats would be a violation of the law.""",half-true,3,mapped
politifact,REP_BARELYTRUE_doc6,,pro-dewhurst-political-group-says-tom-leppert-pled,Tom Leppert pledged to make Dallas a sanctuary city for illegal immigrants,"""Tom Leppert pledged to make Dallas a sanctuary city for illegal immigrants.""",mostly-false,2,mapped
rmit_abc,Liberal_Negative_doc8,,5214802,Tony Abbott says asylum seekers who come to Australia are attempting to break Australian law,Tony Abbott says asylum seekers who come to Australia are attempting to break Australian law. ,negative,0,mapped
rmit_abc,Liberal_In_Between_doc9,,5050348,Tony Abbott says electricity and gas prices will drop by 9 per cent and 7 per cent once the carbon tax is abolished,Tony Abbott says electricity and gas prices will drop by 9 per cent and 7 per cent once the carbon tax is abolished.,in-between,1,mapped
rmit_abc,Liberal_Negative_doc4,,5053844,Tony Abbott says marriage or marriagelike relationships have always been between a man and a woman,"Tony Abbott says marriage, or marriage-like relationships, have always been between a man and a woman",negative,0,mapped
rmit_abc,Liberal_Positive_doc8,,5295232,Tony Abbott says some places in Queensland and NSW are experiencing a onceinaquartercentury or even a onceinacentury drought,"Tony Abbott says some places in Queensland and NSW are experiencing a ""once-in-a-quarter-century"" or even a ""once-in-a-century"" drought. ",positive,2,mapped
rmit_abc,Liberal_Negative_doc10,,5320468,Tony Abbott says the carbon tax is partly to blame for the closure of Alcoas Point Henry aluminium smelter,Tony Abbott says the carbon tax is partly to blame for the closure of Alcoa's Point Henry aluminium smelter. ,negative,0,mapped
rmit_abc,Liberal_Positive_doc10,,5457202,Tony Abbott says the reintroduction of fuel excise indexation will cost the average family 40 cents a week in the first year,Tony Abbott says the reintroduction of fuel excise indexation will cost the average family 40 cents a week in the first year.,positive,2,mapped
rmit_abc,Liberal_In_Between_doc8,,4994592,Tony Abbott says there is a world of difference between turning boats around in Australian waters and the Australian Navy towing them back to Indonesia,Tony Abbott says there is a world of difference between turning boats around in Australian waters and the Australian Navy towing them back to Indonesia.,in-between,1,mapped
politifact,DEM_TRUE_doc6,,barack-obama-state-union-says-corporate-profits-ar,Two years after the worst recession most of us have ever knowncorporate profits are up,"""Two years after the worst recession most of us have ever known ... corporate profits are up.""",true,5,mapped
politifact,REP_MOSTLYTRUE_doc9,,does-kingston-bring-home-bacon,US Senate candidate Jack Kingston requested more earmarks than any other GA Congressman and all GA GOP members combined,"U.S. Senate candidate Jack Kingston ""requested more earmarks than any other GA Congressman and all GA GOP members combined.""",mostly-true,4,mapped
politifact,DEM_FALSE_doc7,,armstrong-says-jobs-are-down-southside-and-southwe,Under Gov Bob McDonnell more jobs have been lost than created in Southside and Southwest Virginia,"Under Gov. Bob McDonnell, more jobs have been lost than created in Southside and Southwest Virginia.",false,1,mapped
rmit_abc,Labor_Positive_doc3,,4892178,Under this government the tax to GDP ratio has in the period weve been in office been an average of 227 per cent,"Under this government, the tax to GDP ratio has, in the period we've been in office, [been] an average of 22.7 per cent",positive,2,mapped
politifact,DEM_LIE_doc5,,paul-hirschbiel-says-newspapers-called-scott-rigel,Virginia papers called Scott Rigells campaign Mostly False,"""Virginia papers called (Scott) Rigell’s campaign ‘Mostly False.’""",pants-on-fire,0,mapped
politifact,DEM_TRUE_doc8,,studies-show-hand-washing-reduces-disease,Washing your hands and covering your mouth when you cough makes a huge difference in reducing transmission of the flu,"Washing your hands and covering your mouth when you cough ""makes a huge difference"" in reducing transmission of the flu.",true,5,mapped
politifact,DEM_BARELYTRUE_doc3,9695.json,rep-sheila-jackson-lee-d-texas-says-we-did-not-see,We did not seek an impeachment of President Bush,"""We did not seek an impeachment of President Bush.""",mostly-false,2,mapped
politifact,REP_FALSE_doc3,,rick-scott-touts-record-funding-environmental-prot,We have invested record funding in protecting our environment,"""We have invested record funding in protecting our environment.""",false,1,mapped
politifact,REP_MOSTLYTRUE_doc7,,scott-walker-says-job-growth-better-under-jim-doyl,We in this state saw more job creation in the last three years since Ive been governor than you saw in the whole eight years of Doyles time as governor,"""We in this state saw more job creation in the last three years since I've been governor than you saw in the whole eight years of Doyle’s time as governor.""",mostly-true,4,mapped
rmit_abc,Liberal_Negative_doc1,,4897264,We left the country with net assets of 70 billion where if we are elected on the 7th of September we inherit debt going to 400 billion,"We left the country with net assets of $70 billion, where if we are elected on the 7th of September we inherit debt going to $400 billion",negative,0,mapped
politifact,DEM_MOSTLYTRUE_doc1,,memphis-mayor-c-wharton-says-tax-increase-not-city,We will not ask for a tax increase to run city government,"""We will not ask for a tax increase to run city government.""",mostly-true,4,mapped
rmit_abc,Labor_Negative_doc1,,4865274,Were very prepared to put out a statement before the election updating on the budget process Joshs party hasnt even submitted one policy for costing yet to the Parliamentary Budget Office,"We're very prepared to put out a statement before the election, updating on the budget process. Josh's party hasn't even submitted one policy for costing yet to the Parliamentary Budget Office",negative,0,mapped
politifact,DEM_MOSTLYTRUE_doc3,11033.json,wisconsin-visit-barack-obama-brags-he-reduced-fede,Weve cut the deficit by twothirds,"""We've cut the deficit by two-thirds.""",mostly-true,4,mapped
politifact,DEM_FALSE_doc1,,cory-booker-claims-jobless-rate-fell-two-percentag,Weve seen in this last year tremendous things happening including our unemployment rate come down 2 percentage points,"""We've seen in this last year tremendous things happening, including our unemployment rate come down 2 percentage points.""",false,1,mapped
rmit_abc,Labor_In_Between_doc5,,4924562,What Ive released today is a minute from the Department of Finance which costs that policy that is a reduction of 12000 in the Australian public service by natural attrition Senator Wong said during a press conference on August 29You will see from that minute that the saving there is 28 billion The claimed saving by the Coalition is in fact 52 billion so we see clearly theres a shortfall,"What I've released today is a minute from the Department of Finance which costs that policy, that is, a reduction of 12,000 in the Australian public service by natural attrition,"" Senator Wong said during a press conference on August 29.""You will see from that minute that the saving there is $2.8 billion. ""The claimed saving by the Coalition is in fact $5.2 billion, so we see clearly there's a shortfall.",in-between,1,mapped
rmit_abc,Liberal_In_Between_doc1,,4856454,What the states do is a matter for the states The constitution provides that marriage is a responsibility of the Commonwealth parliament And as you know the Commonwealth parliament recently voted on this subject and by a fairly decisive margin decided to stick with the existing Marriage Act,What the states do is a matter for the states. The constitution provides that marriage is a responsibility of the Commonwealth parliament. And as you know the Commonwealth parliament recently voted on this subject and by a fairly decisive margin decided to stick with the existing Marriage Act.,in-between,1,mapped
politifact,DEM_LIE_doc7,,sherrod-brown-josh-mandel-lying-debates,When Josh Mandel claims to have accepted three debates with Sen Sherrod Brown he is lying He has accepted ZERO proposed debates,"""When Josh Mandel claims to have accepted three debates with Sen. Sherrod Brown, he is lying. He has accepted ZERO proposed debates.""",pants-on-fire,0,mapped
rmit_abc,Labor_Positive_doc2,,4874588,While millions of people lost their jobs around the world we have until today added nearly a million more than we had than when we went to office,"While millions of people lost their jobs around the world, we have, until today, added nearly a million more than we had than when we went to office.",positive,2,mapped
politifact,REP_TRUE_doc9,9753.json,scott-walker-says-wisconsin-tops-its-neighbors-inc,Wisconsin is 1 in the Midwest for personal income growth over the year,"""Wisconsin is #1 in the Midwest for personal income growth over the year.""",true,5,mapped
politifact,DEM_BARELYTRUE_doc10,,olympic-medalist-carl-lewis-calls-out-state-senato,Youre paying forstate Sen Diane Allens health care and she took yours away,"""You’re paying for...(state Sen. Diane Allen’s) health care, and she took yours away.""",mostly-false,2,mapped
