path,size_bytes,sha256,file_role
CHANGELOG.md,2067,c2527790b610fb35568809970fc643ceb2d95c02c4f9490ef62759fa36fc3039,release_changelog
CITATION.cff,1345,361ffd6a51b4cef8b425edbe17910c5d438a2d2da610d5c8ed101c0bf68264cc,release_citation
Evidence Corpus/crawl_metadata.csv,569418853,b6b7fb9a52e94be96d50626718bc250679fe14d52681857a14c8274dc83482af,added_2026_evidence
Evidence Corpus/evidence_corpus.jsonl.gz,568548126,f4a6812d3bc4e85912a690915d705390e11b57f8e147c73f01aaadb1da010716,added_2026_evidence
Evidence Corpus/evidence_corpus.summary.json,1900,88d6f165d9b1e721bd5f2a84399f712bf4ed033dcedfc9372bcdebdf3e97fb81,added_2026_evidence
Evidence Corpus/historical_claim_id_crosswalk.csv,60611,7610c0d3b39b33a651030a6daa136cf73f3dff9b04a62c80db31e95f47eef6e6,added_2026_evidence
LICENSE.md,743,9e8d4939287b2577dae8090d05c57ea502a1acc75c60dd9805f51b7734a08beb,release_license
PolitiFact-Ground_Truth.csv,119363,542d7a45d0334d4c4c8f877fc365a6726e58c1a14b0c42212ff1f63d4b8d4b08,native_ground_truth
README.md,6994,689f16cd8930fe95250a6bb6b2262f91cac58b8abf687c31f4181d3e37c32d73,release_documentation
RIGHTS.md,3297,bda2478d43906e104985cee434c2dfe4c8e30316d514b88b99c7ca5759857edc,release_rights
RMIT_ABC_Fact_Check-Ground_Truth.csv,41101,6a7ba64fbc3fa3d72ee09c90a0506c5e0438c4f6354e66e41f23d098efab98ed,native_ground_truth
multidimensional.csv,3427048,9d35af0c6252aa02ecf8a8c421bc10e4d316973cda0e086b2aea4312c3139ce6,historical_core
release_manifest.json,7648,8479c823960ad7d495afb70431e4d9c60616ccc4a6c672df8cc6f998482d8d3f,release_metadata
