fact_check_id,fact_check_source,fact_check_ground_truth_label,statement_text,study_name,doc_id,fact_check_ground_truth_value,fact_check_ground_truth_label_full,fact_check_title,fact_check_title_teaser,fact_check_description,fact_check_date_published_calendar,fact_check_date_published_time,fact_check_date_modified_calendar,fact_check_date_modified_time,fact_check_publisher,statement_text_processed,statement_topic,statement_lang,statement_country,statement_keywords,statement_word_count,speaker_name,speaker_party,fact_checker_name,fact_check_url
5776504,abc,positive,Anthony Albanese says the Government's new terror laws mean members of the media face potential penalties of five to 10 years' jail for exposing what might be an error made by security agencies.,Soprano et al,Labor_Positive_doc8,2,checks out,Fact check: Journalists face 10 years' jail for exposing security agency bungles,,,2014-10-14,10:36:35,2014-10-14,10:40:44,,Anthony Albanese says the Governments new terror laws mean members of the media face potential penalties of five to 10 years jail for exposing what might be an error made by security agencies,National Security,en,AU,terror:::laws:::journalists:::terrorism:::raids:::journalism:::inthegreen:::anthony albanese:::media,33,Anthony Albanese,Labor,,https://www.abc.net.au/news/5776504
4866236,abc,positive,"Australia is one of only eight countries given a rating of AAA with a stable outlook from all three credit rating agencies.""These are the real facts and no amount of negative political spin will change that,""",Soprano et al,Labor_Positive_doc1,2,accurate,"Kevin Rudd's ad on Australia's debt, credit rating checks out",,,2013-08-14,00:12:38,2013-08-14,00:12:38,,Australia is one of only eight countries given a rating of AAA with a stable outlook from all three credit rating agenciesThese are the real facts and no amount of negative political spin will change that,Economy,en,AU,debt:::labor:::political ad:::inthegreen:::kevin rudd,37,Kevin Rudd,Labor,,https://www.abc.net.au/news/4866236
4915222,abc,positive,"Australia's mum and dad investors, self-funded retirees are facing a $1.6 billion a year slug to pay for Mr Abbott's expensive, unaffordable, unfair paid parental leave scheme",Soprano et al,Labor_Positive_doc4,2,correct,Chris Bowen correct on investor impact of parental leave scheme,,,2013-08-27,18:21:01,2013-08-28,17:42:16,,Australias mum and dad investors selffunded retirees are facing a 16 billion a year slug to pay for Mr Abbotts expensive unaffordable unfair paid parental leave scheme,Parental Leave & Investor,en,AU,franking:::paid parental leave:::chris bowen:::inthegreen,27,Chris Bowen,Labor,,https://www.abc.net.au/news/4915222
4934162,abc,positive,"Because St Paul said in the New Testament, 'slaves be obedient to your masters'. And, therefore, we should have all fought for the Confederacy in the US war. I mean, for goodness sake, the human condition and social conditions change.",Soprano et al,Labor_Positive_doc5,2,correct,Kevin Rudd correct on Paul's references to slavery in the Bible,,,2013-09-06,14:35:23,2013-09-23,15:42:55,,Because St Paul said in the New Testament slaves be obedient to your masters And therefore we should have all fought for the Confederacy in the US war I mean for goodness sake the human condition and social conditions change,Religion,en,AU,kevin rudd:::slavery:::bible:::fact check:::paul:::inthegreen,40,Kevin Rudd,Labor,,https://www.abc.net.au/news/4934162
5423392,abc,positive,Chris Bowen says Joe Hockey has doubled the deficit by changes to Government spending and changes to Government assumptions.,Soprano et al,Labor_Positive_doc7,2,checks out,Has the Government doubled the budget deficit?,Has the Government doubled the budget deficit?,,2014-05-06,07:00:00,2014-06-10,16:53:26,,Chris Bowen says Joe Hockey has doubled the deficit by changes to Government spending and changes to Government assumptions,Budget(s),en,AU,inthegreen:::chris bowen:::deficit:::debt:::joe hockey:::budget,19,Chris Bowen,Labor,,https://www.abc.net.au/news/5423392
5058346,abc,positive,Finance Minister Mathias Cormann says privatising Medibank Private won't cause premiums to increase.,Soprano et al,Liberal_Positive_doc6,2,on the money,On the money: Mathias Cormann says Medibank Private sale will not raise premiums,Cormann on the money on Medibank Private sale impact,,2013-11-05,18:19:04,2018-11-16,11:21:26,,Finance Minister Mathias Cormann says privatising Medibank Private wont cause premiums to increase,Health,en,AU,medibank private:::mathias cormann:::inthegreen:::privatisation:::federal politics:::bupa:::nib:::health insurance:::insurance:::ama:::australian medical association,13,Mathias Cormann,Liberal,,https://www.abc.net.au/news/5058346
5024250,abc,positive,George Brandis has asked the ACT not to give effect to its new same-sex marriage laws until their constitutional validity is determined by the High Court.,Soprano et al,Liberal_Positive_doc4,2,fair bet,Would a delay in ACT same-sex marriage avoid leaving couples in limbo?,,,2013-10-21,17:58:37,2013-10-30,10:07:17,,George Brandis has asked the ACT not to give effect to its new samesex marriage laws until their constitutional validity is determined by the High Court,Gender,en,AU,marriage:::same-sex marriage:::australian capital territory:::george brandis:::high court:::constitution:::marriage equality:::inthegreen,26,George Brandis,Liberal,,https://www.abc.net.au/news/5024250
5014018,abc,positive,Industry Minister Ian Macfarlane says Australia is set to become the world's second largest or largest exporter of LNG.,Soprano et al,Liberal_Positive_doc3,2,fair bet,Can Australia become the world's leading LNG exporter?,,,2013-10-14,09:29:21,2013-10-21,12:07:02,,Industry Minister Ian Macfarlane says Australia is set to become the worlds second largest or largest exporter of LNG,Economy,en,AU,ian macfarlane:::lng:::gas:::liquefied natural gas:::inthegreen,19,Ian Macfarlane,Liberal,,https://www.abc.net.au/news/5014018
5310736,abc,positive,Joe Hockey says Australia has the fastest growth in spending and third highest growth in debt among 17 countries surveyed by the International Monetary Fund.,Soprano et al,Liberal_Positive_doc9,2,correct,"Joe Hockey correct on Australia's debt, spending",,,2014-03-13,15:33:37,2014-04-08,17:22:09,,Joe Hockey says Australia has the fastest growth in spending and third highest growth in debt among 17 countries surveyed by the International Monetary Fund,Economy,en,AU,joe hockey:::debt:::imf:::international monetary fund:::inthegreen,25,Joe Hockey,Liberal,,https://www.abc.net.au/news/5310736
5252596,abc,positive,Malcolm Turnbull says Australian farmers are among the least subsidised in the world.,Soprano et al,Liberal_Positive_doc7,2,correct,Malcolm Turnbull correct: Australian farmers among world's least subsidised,Turnbull correct: Australian farmers among least subsidised,,2014-02-14,07:00:00,2014-03-03,10:05:22,,Malcolm Turnbull says Australian farmers are among the least subsidised in the world,Economy,en,AU,malcolm turnbull:::subsidies:::farmers:::inthegreen,13,Malcolm Turnbull,Liberal,,https://www.abc.net.au/news/5252596
5037662,abc,positive,NSW Premier Barry O'Farrell says his Government has increased the amount of hazard reduction two-and-a-half times.,Soprano et al,Liberal_Positive_doc5,2,close to the mark,Has hazard reduction in NSW increased two-and-a-half times under Barry O?Farrell?,How much has NSW done to reduce the risk of bushfires?,,2013-10-23,15:46:01,2013-11-01,10:01:28,,NSW Premier Barry OFarrell says his Government has increased the amount of hazard reduction twoandahalf times,Environment,en,AU,barry ofarrell:::fires:::hazard reduction:::bushfires:::new south wales:::inthegreen:::inbetween,16,Barry O'Farrell,Liberal,,https://www.abc.net.au/news/5037662
5135064,abc,positive,Opposition Leader Bill Shorten says the Coalition has broken its election promise that no school will be worse off than it would have been under Labor's Gonski funding plans.,Soprano et al,Labor_Positive_doc6,2,correct,Impossible to guarantee no school will be worse off under Coalition funding arrangements,Impossible to guarantee no school will be worse off under Coalition,,2013-12-08,18:00:00,2013-12-16,11:46:59,,Opposition Leader Bill Shorten says the Coalition has broken its election promise that no school will be worse off than it would have been under Labors Gonski funding plans,Budget(s),en,AU,gonski:::school:::worse off:::bill shorten:::tony abbott:::funding:::inthegreen,29,Bill Shorten,Labor,,https://www.abc.net.au/news/5135064
4935372,abc,positive,People have illegally entered Australia when they've come without a valid visa.,Soprano et al,Liberal_Positive_doc2,2,correct,Scott Morrison correct on 'illegal entry' of people without a visa,Morrison correct on 'illegal entry' of people without a visa,,2013-09-06,09:09:32,2013-09-13,10:22:03,,People have illegally entered Australia when theyve come without a valid visa,Immigration,en,AU,illegal:::asylum seekers:::scott morrison:::liberal:::fact check:::inthegreen,12,Scott Morrison,Liberal,,https://www.abc.net.au/news/4935372
6030880,abc,positive,"Queensland Opposition Leader Annastacia Palaszczuk says the ""jobless rate is the highest for 11 years... There are almost 31,000 more Queenslanders without a job since March 2012"". She blames the LNP government.",Soprano et al,Labor_Positive_doc9,2,correct,Fact check: Labor claims unemployment in Qld highest in 11 years,,,2015-01-29,17:47:40,2016-03-03,16:16:33,,Queensland Opposition Leader Annastacia Palaszczuk says the jobless rate is the highest for 11 years There are almost 31000 more Queenslanders without a job since March 2012 She blames the LNP government,Employment,en,AU,alp:::unemployment:::lnp:::state elections:::qld votes:::inthegreen,32,Annastacia Palaszczuk,Labor,,https://www.abc.net.au/news/6030880
6365098,abc,positive,Shadow treasurer Chris Bowen says the top 10 per cent of income earners get more than 30 per cent of tax concessions in superannuation.,Soprano et al,Labor_Positive_doc10,2,"yes, but more to it","Fact check: Are superannuation tax breaks fair, or do they favour the rich? ",,,2015-04-21,08:59:59,2016-03-03,11:47:42,,Shadow treasurer Chris Bowen says the top 10 per cent of income earners get more than 30 per cent of tax concessions in superannuation,Economy,en,AU,inbetween:::chris bowen:::alp:::superannuation:::tax:::pensions,24,Chris Bowen,Labor,,https://www.abc.net.au/news/6365098
4889778,abc,positive,"Thirty per cent went home, 30 per cent went to a country other than Australia and, yes, 40 per cent did come to Australia but the Prime Minister owes it to the Australian people to get his facts right",Soprano et al,Liberal_Positive_doc1,2,checks out,Tony Abbott correct on Pacific Solution outcome,Abbott correct on Pacific Solution outcome,,2013-08-15,17:35:28,2013-08-21,16:23:01,,Thirty per cent went home 30 per cent went to a country other than Australia and yes 40 per cent did come to Australia but the Prime Minister owes it to the Australian people to get his facts right,Immigration,en,AU,tony abbott:::inthegreen:::nauru:::asylum seekers:::australia:::checks out:::refugees,39,Tony Abbott,Liberal,,https://www.abc.net.au/news/4889778
5295232,abc,positive,"Tony Abbott says some places in Queensland and NSW are experiencing a ""once-in-a-quarter-century"" or even a ""once-in-a-century"" drought.",Soprano et al,Liberal_Positive_doc8,2,checks out,How severe is the drought in Queensland and New South Wales?,,,2014-03-12,07:00:00,2014-03-18,17:15:43,,Tony Abbott says some places in Queensland and NSW are experiencing a onceinaquartercentury or even a onceinacentury drought,Environment,en,AU,inthegreen:::drought:::tony abbott:::environment:::rainfall,18,Tony Abbott,Liberal,,https://www.abc.net.au/news/5295232
5457202,abc,positive,Tony Abbott says the reintroduction of fuel excise indexation will cost the average family 40 cents a week in the first year.,Soprano et al,Liberal_Positive_doc10,2,close to the mark,Fact check: Will Abbott's fuel excise hike cost families 40c a week?,,,2014-06-04,07:00:00,2014-06-04,10:02:54,,Tony Abbott says the reintroduction of fuel excise indexation will cost the average family 40 cents a week in the first year,Economy,en,AU,fuel excise:::inthegreen:::inbetween:::tony abbott:::fact check:::indexation:::petrol,22,Tony Abbott,Liberal,,https://www.abc.net.au/news/5457202
4892178,abc,positive,"Under this government, the tax to GDP ratio has, in the period we've been in office, [been] an average of 22.7 per cent",Soprano et al,Labor_Positive_doc3,2,checks out,Kevin Rudd's claim that Labor has been a lower taxing government checks out,Rudd's claim Labor has been a lower taxing government checks out,,2013-08-21,15:34:58,2013-08-23,15:43:51,,Under this government the tax to GDP ratio has in the period weve been in office been an average of 227 per cent,Economy,en,AU,kevin rudd:::tax:::gdp:::inthegreen,23,Kevin Rudd,Labor,,https://www.abc.net.au/news/4892178
4874588,abc,positive,"While millions of people lost their jobs around the world, we have, until today, added nearly a million more than we had than when we went to office.",Soprano et al,Labor_Positive_doc2,2,correct,Kevin Rudd can defend his jobs claim but Tony Abbott is more on the money,,,2013-08-14,00:13:48,2013-08-21,16:26:08,,While millions of people lost their jobs around the world we have until today added nearly a million more than we had than when we went to office,Employment,en,AU,jobs:::employed:::unemployment:::work:::inthegreen:::kevin rudd:::tony abbott,28,Kevin Rudd,Labor,,https://www.abc.net.au/news/4874588
4977164,abc,in-between,"At any discount above 6 or 7 cents per litre, it is hard to see how unsubsidised fuel retailers could compete on a sustainable basis",Soprano et al,Liberal_In_Between_doc6,1,not the full story,Are the big chains' discount vouchers forcing small petrol stations out of business?,Are shopper dockets forcing small petrol stations out of business?,,2013-09-25,19:06:45,2014-11-21,15:50:42,,At any discount above 6 or 7 cents per litre it is hard to see how unsubsidised fuel retailers could compete on a sustainable basis,Economy,en,AU,rod sims:::australian competition and consumer commission:::petrol prices:::shopper dockets:::fuel discounts:::woolworths:::coles:::cross subsidisation:::inbetween,25,Tony Abbott,Liberal,,https://www.abc.net.au/news/4977164
4994330,abc,in-between,Christopher Pyne says since 2008 Labor has shrunk the international student industry by about a quarter.,Soprano et al,Liberal_In_Between_doc7,1,exaggeration,Christopher Pyne exaggerates Labor's international student 'failure',Pyne exaggerates Labor's international student 'failure',,2013-10-04,09:17:44,2013-10-11,08:58:33,,Christopher Pyne says since 2008 Labor has shrunk the international student industry by about a quarter,Education,en,AU,inbetween:::education:::universities:::international students:::christopher pyne,16,Christopher Pyne,Liberal,,https://www.abc.net.au/news/4994330
4961132,abc,in-between,I erred by not contesting the label 'tax' for the fixed-price period of the emissions trading scheme I introduced,Soprano et al,Labor_In_Between_doc8,1,debatable,Julia Gillard's 'carbon tax' regrets debatable,Julia Gillard's 'carbon tax' regrets debatable,,2013-09-18,09:08:17,2014-02-03,17:55:33,,I erred by not contesting the label tax for the fixedprice period of the emissions trading scheme I introduced,Environment,en,AU,julia gillard:::carbon tax:::emissions trading scheme:::inbetween,19,Julia Gillard,Labor,,https://www.abc.net.au/news/4961132
4914434,abc,in-between,"If we were to build this entire 1,750km high speed rail project from Brisbane to Melbourne by 2035, it would cost less than Mr Abbott's unaffordable, unfair paid parental leave scheme for the same period of time",Soprano et al,Labor_In_Between_doc4,1,unsound,"Kevin Rudd's high speed rail, parental leave cost comparison is unsound ","Rudd's high speed rail, parental leave cost comparison unsound ",,2013-08-29,12:02:25,2013-08-30,11:11:59,,If we were to build this entire 1750km high speed rail project from Brisbane to Melbourne by 2035 it would cost less than Mr Abbotts unaffordable unfair paid parental leave scheme for the same period of time,Infrastructure,en,AU,high speed rail:::paid parental leave:::inbetween:::kevin rudd,37,Kevin Rudd,Labor,,https://www.abc.net.au/news/4914434
4928548,abc,in-between,"If you are spending over $1 billion a year on additional bureaucracies you are not spending it on patients, That is the reality and people know it, as they're waiting longer to see their GP.""They know it as they're waiting longer for elective surgery around the country.",Soprano et al,Liberal_In_Between_doc4,1,oversimplified,"Peter Dutton oversimplifies increase in elective surgery, GP waiting times","Peter Dutton oversimplifies elective surgery, GP waiting times",,2013-09-03,17:42:38,2013-09-05,15:55:49,,If you are spending over 1 billion a year on additional bureaucracies you are not spending it on patients That is the reality and people know it as theyre waiting longer to see their GPThey know it as theyre waiting longer for elective surgery around the country,Health,en,AU,peter dutton:::inbetween:::gp waiting times:::elective surgery,47,Peter Dutton,Liberal,,https://www.abc.net.au/news/4928548
4842978,abc,in-between,"If you take the unaccompanied children, I am their legal guardian. I am in a situation where I have to substitute the level of responsibility by law that would otherwise equate to a parent",Soprano et al,Labor_In_Between_doc1,1,incomplete,Tony Burke not telling the full story on unaccompanied asylum seeker children,Burke not telling full story on unaccompanied asylum seeker children,,2013-08-14,17:27:44,2013-08-21,16:24:59,,If you take the unaccompanied children I am their legal guardian I am in a situation where I have to substitute the level of responsibility by law that would otherwise equate to a parent,Immigration,en,AU,inbetween:::tony burke:::asylum seekers:::papua new guinea:::children:::unaccompanied minors,34,Tony Burke,Labor,,https://www.abc.net.au/news/4842978
4896412,abc,in-between,"It's free for your home or business to connect no matter if you live in the suburbs, on a farm, or in the city, It’s 40 times faster than the second rate network Tony Abbott wants to build, which relies on last century's copper technology, Even as you watch this video it’s being built all around the country with thousands of homes and businesses already connected.",Soprano et al,Labor_In_Between_doc2,1,"not full story, not yet, true",Labor's National Broadband Network ad oversimplifies its benefits,,,2013-08-20,12:28:51,2013-08-26,14:40:00,,Its free for your home or business to connect no matter if you live in the suburbs on a farm or in the city Its 40 times faster than the second rate network Tony Abbott wants to build which relies on last centurys copper technology Even as you watch this video its being built all around the country with thousands of homes and businesses already connected,Infrastructure,en,AU,nbn:::national broadband network:::cost:::labor:::alp:::joe hockey:::inbetween,66,ALP,Labor,,https://www.abc.net.au/news/4896412
5050616,abc,in-between,Joe Hockey says raising Australia's debt ceiling from $300 billion to $500 billion will prevent a US-style crisis.,Soprano et al,Liberal_In_Between_doc10,1,overblown,"Joe Hockey's Australia, US debt ceiling comparison overblown","Hockey's Australia, US debt ceiling comparison overblown",,2013-11-04,09:02:21,2013-11-15,11:06:11,,Joe Hockey says raising Australias debt ceiling from 300 billion to 500 billion will prevent a USstyle crisis,Economy,en,AU,debt ceiling:::australia:::united states:::joe hockey:::inbetween,18,Joe Hockey,Liberal,,https://www.abc.net.au/news/5050616
5020718,abc,in-between,Katy Gallagher says the ACT's marriage equality laws can operate concurrently with the federal Marriage Act.,Soprano et al,Labor_In_Between_doc9,1,doubtful,Will the ACT's marriage equality bill survive a High Court challenge?,,,2013-10-15,13:27:24,2013-10-21,12:08:16,,Katy Gallagher says the ACTs marriage equality laws can operate concurrently with the federal Marriage Act,Gender,en,AU,inbetween:::australian capital territory:::marriage:::gay marriage:::marriage equality:::george brandis:::katy gallagher:::constitution:::same-sex marriage:::equality:::discrimination,16,Katy Gallagher,Labor,,https://www.abc.net.au/news/5020718
5075988,abc,in-between,Kim Carr says economic modelling shows it would cost more money to lose the car industry than it would to subsidise it.,Soprano et al,Labor_In_Between_doc10,1,unverifiable,"Would losing the car industry cost more than maintaining it, as Kim Carr claims?",Would losing the car industry cost more than maintaining it?,,2013-11-15,13:17:36,2013-11-22,19:14:56,,Kim Carr says economic modelling shows it would cost more money to lose the car industry than it would to subsidise it,Economy,en,AU,kim carr:::car industry:::manufacturing:::holden:::ford:::inbetween,22,Kim Carr,Labor,,https://www.abc.net.au/news/5075988
4925242,abc,in-between,"Mr Abbott will ""cut funding for every school in Australia which means bigger classes, less teachers, less support staff, less programs,""",Soprano et al,Labor_In_Between_doc6,1,overreach,Labor Party ad overreaches on Coalition school funding cuts,ALP ad overreaches on Coalition school funding cuts,,2013-09-02,10:25:22,2013-09-05,10:22:02,,Mr Abbott will cut funding for every school in Australia which means bigger classes less teachers less support staff less programs,Education,en,AU,education:::inbetween:::funding:::schools:::tony abbott:::alp:::ad:::cuts,21,ALP,Labor,,https://www.abc.net.au/news/4925242
4932488,abc,in-between,"Our support and co-investment for the car industry in Australia equals the equivalent of about $18 per head per year,"" Mr Rudd said.""In the United States it is something like $90 per head per year, and in Germany it is $96 per head per year.",Soprano et al,Labor_In_Between_doc7,1,out of context,Kevin Rudd takes car subsidy figures out of context,,,2013-09-06,17:56:51,2014-02-11,12:47:36,,Our support and coinvestment for the car industry in Australia equals the equivalent of about 18 per head per year Mr Rudd saidIn the United States it is something like 90 per head per year and in Germany it is 96 per head per year,Automotive,en,AU,kevin rudd:::car subsidies:::inbetween:::manufacturing:::assistance,46,Kevin Rudd,Labor,,https://www.abc.net.au/news/4932488
4923258,abc,in-between,"Research by the CSIRO shows carbon emissions can be reduced by 20 per cent over 40 years using nature, soils and trees",Soprano et al,Liberal_In_Between_doc3,1,not the full story,Greg Hunt not giving the full story on climate research,Greg Hunt not giving the full story on climate research,,2013-08-30,17:41:14,2013-09-04,09:19:01,,Research by the CSIRO shows carbon emissions can be reduced by 20 per cent over 40 years using nature soils and trees,Environment,en,AU,climate change:::green carbon accounting:::greg hunt:::inbetween,22,Greg Hunt,Liberal,,https://www.abc.net.au/news/4923258
4912726,abc,in-between,"Scrapping the carbon tax ""means every household will be $550 a year better off""",Soprano et al,Liberal_In_Between_doc2,1,outdated,Tony Abbott's claim households will be $550 a year better off without the carbon tax is outdated,Abbott using outdated figure on carbon tax cost to households,,2013-08-28,17:38:19,2013-08-30,17:50:41,,Scrapping the carbon tax means every household will be 550 a year better off,Environment,en,AU,tony abbott:::carbon tax:::inbetween,14,Tony Abbott,Liberal,,https://www.abc.net.au/news/4912726
4905958,abc,in-between,"The million-dollar male gets to pick up $5,000, $10,000 worth of cash out of this paid parental leave scheme that Mr Abbott is putting forward,"" he said.""I don't think that's fair. I don't think it's fair that someone picks up $75,000.",Soprano et al,Labor_In_Between_doc3,1,overreach,Kevin Rudd goes too far on paid parental  leave for millionaires,,,2013-08-22,17:54:56,2013-08-28,17:46:42,,The milliondollar male gets to pick up 5000 10000 worth of cash out of this paid parental leave scheme that Mr Abbott is putting forward he saidI dont think thats fair I dont think its fair that someone picks up 75000,Parental Leave,en,AU,kevin rudd:::parental leave:::coalition:::tony abbott:::debate:::inbetween,42,Kevin Rudd,Labor,,https://www.abc.net.au/news/4905958
4935500,abc,in-between,"They said in 2007 they'd build 2,650 trade training centres. They built about 230",Soprano et al,Liberal_In_Between_doc5,1,exaggeration,Christopher Pyne exaggerates trade training centre rollout figures,Pyne exaggerates trade training centre rollout figures,,2013-09-05,15:53:29,2013-09-09,10:46:31,,They said in 2007 theyd build 2650 trade training centres They built about 230,Budget(s),en,AU,christopher pyne:::inbetween:::trade training centres,14,Christopher Pyne,Liberal,,https://www.abc.net.au/news/4935500
5050348,abc,in-between,Tony Abbott says electricity and gas prices will drop by 9 per cent and 7 per cent once the carbon tax is abolished.,Soprano et al,Liberal_In_Between_doc9,1,speculation,Will abolishing the carbon tax reduce power bills?,Will abolishing the carbon tax reduce power bills?,,2013-10-30,17:41:19,2013-11-08,14:27:46,,Tony Abbott says electricity and gas prices will drop by 9 per cent and 7 per cent once the carbon tax is abolished,Environment,en,AU,inbetween:::carbon price:::carbon tax:::federal government:::tony abbott:::electricity prices:::gas prices:::carbon repeal,23,Tony Abbott,Liberal,,https://www.abc.net.au/news/5050348
4994592,abc,in-between,Tony Abbott says there is a world of difference between turning boats around in Australian waters and the Australian Navy towing them back to Indonesia.,Soprano et al,Liberal_In_Between_doc8,1,splitting hairs,Abbott splitting hairs on the difference between towing and turning back the boats,"Abbott splitting hairs on tow-back, turn-back difference",,2013-10-10,08:52:45,2013-10-17,13:51:28,,Tony Abbott says there is a world of difference between turning boats around in Australian waters and the Australian Navy towing them back to Indonesia,Immigration,en,AU,turn:::tow:::boats:::back:::indonesia:::australia:::tony abbott:::policy:::inbetween,25,Tony Abbott,Liberal,,https://www.abc.net.au/news/4994592
4924562,abc,in-between,"What I've released today is a minute from the Department of Finance which costs that policy, that is, a reduction of 12,000 in the Australian public service by natural attrition,"" Senator Wong said during a press conference on August 29.""You will see from that minute that the saving there is $2.8 billion. ""The claimed saving by the Coalition is in fact $5.2 billion, so we see clearly there's a shortfall.",Soprano et al,Labor_In_Between_doc5,1,cherrypicking,Penny Wong selective in jobs attack on Coalition,Penny Wong selective in jobs attack on Coalition,,2013-09-01,09:00:28,2013-09-09,10:46:31,,What Ive released today is a minute from the Department of Finance which costs that policy that is a reduction of 12000 in the Australian public service by natural attrition Senator Wong said during a press conference on August 29You will see from that minute that the saving there is 28 billion The claimed saving by the Coalition is in fact 52 billion so we see clearly theres a shortfall,Employment,en,AU,penny wong:::fact check:::jobs:::inbetween:::coalition:::black hole:::budget:::costings,71,Penny Wong,Labor,,https://www.abc.net.au/news/4924562
4856454,abc,in-between,What the states do is a matter for the states. The constitution provides that marriage is a responsibility of the Commonwealth parliament. And as you know the Commonwealth parliament recently voted on this subject and by a fairly decisive margin decided to stick with the existing Marriage Act.,Soprano et al,Liberal_In_Between_doc1,1,lawyer's picnic,Tony Abbott's comments on same-sex marriage laws mostly true,,,2013-08-14,00:12:38,2013-08-14,17:56:29,,What the states do is a matter for the states The constitution provides that marriage is a responsibility of the Commonwealth parliament And as you know the Commonwealth parliament recently voted on this subject and by a fairly decisive margin decided to stick with the existing Marriage Act,Gender,en,AU,inbetween:::marriage:::gay:::same sex:::laws:::australia:::states:::tony abbott:::fact check,48,Tony Abbott,Liberal,,https://www.abc.net.au/news/4856454
5298486,abc,negative,Anthony Albanese says eight out of the world's top 10 airlines are majority government-owned.,Soprano et al,Labor_Negative_doc9,0,wrong,Anthony Albanese wrong on government ownership of world's top airlines,Albanese wrong on government ownership of world's top airlines,,2014-03-05,19:16:38,2014-03-14,16:43:32,,Anthony Albanese says eight out of the worlds top 10 airlines are majority governmentowned,Economy,en,AU,qantas:::anthony albanese:::government:::ownership:::inthered:::airlines:::world:::top:::ten,14,Anthony Albanese,Labor,,https://www.abc.net.au/news/5298486
5012086,abc,negative,"Anthony Albanese says the rules on MP entitlements are ""pretty clear"".",Soprano et al,Labor_Negative_doc5,0,incorrect,MP expenses: Are the rules clear?,,,2013-10-11,08:58:33,2014-08-27,15:33:50,,Anthony Albanese says the rules on MP entitlements are pretty clear,Budget(s),en,AU,mp:::entitlements:::anthony albanese:::inthered,11,Anthony Albanese,Labor,,https://www.abc.net.au/news/5012086
5088132,abc,negative,Barry O'Farrell says NSW collects more from proceeds of crime than all other states and the federal government combined.,Soprano et al,Liberal_Negative_doc7,0,wrong,Proceeds of crime: Do NSW police seize more than the rest of Australia?,Does NSW seize more criminal assets than the rest of Australia?,,2013-11-26,15:05:13,2013-12-10,10:40:25,,Barry OFarrell says NSW collects more from proceeds of crime than all other states and the federal government combined,Legislation,en,AU,proceeds of crime:::assets seized:::barry o'farrell:::new south wales:::bikies:::inthered,19,Barry O'Farrell,Liberal,,https://www.abc.net.au/news/5088132
5356650,abc,negative,Bill Shorten says Tony Abbott and Christopher Pyne are to blame for WA's Barnett Government cutting $183 million from education and culling 360 teachers and 350 teachers' aides and support staff.,Soprano et al,Labor_Negative_doc10,0,doesn't check out,Bill Shorten on WA education cuts: Doesn't check out,,,2014-04-04,12:40:23,2014-04-04,14:40:08,,Bill Shorten says Tony Abbott and Christopher Pyne are to blame for WAs Barnett Government cutting 183 million from education and culling 360 teachers and 350 teachers aides and support staff,Budget(s),en,AU,bill shorten:::inthered:::education:::gonski:::christopher pyne:::wa:::tony abbott:::schools:::colin barnett,31,Bill Shorten,Labor,,https://www.abc.net.au/news/5356650
5099582,abc,negative,"Chris Bowen says the Government's decision to scrap a $2,000 cap on self-education expenses will allow people to travel as much as they like and claim as much as they like.",Soprano et al,Labor_Negative_doc7,0,wrong,Chris Bowen wrong on Government's decision to scrap self-education expenses cap,Bowen wrong on Government's decision to scrap self-education expenses cap,,2013-11-21,10:38:03,2013-11-22,19:10:00,,Chris Bowen says the Governments decision to scrap a 2000 cap on selfeducation expenses will allow people to travel as much as they like and claim as much as they like,Budget(s),en,AU,university:::tafe:::taxation:::bowen:::australian labor party:::hockey:::self education:::tax deduction:::inthered,31,Chris Bowen,Labor,,https://www.abc.net.au/news/5099582
5086058,abc,negative,Christopher Pyne says a VIP Boeing business jet flight from Perth to Canberra taken by a group of WA Liberal MPs was probably cheaper than a commercial flight,Soprano et al,Liberal_Negative_doc6,0,incorrect,"Is it cheaper for MPs to fly VIP jets, as Christopher Pyne claims?","Is it cheaper for MPs to fly VIP jets, as Christopher Pyne claims?",,2013-11-20,15:05:27,2013-11-26,15:10:51,,Christopher Pyne says a VIP Boeing business jet flight from Perth to Canberra taken by a group of WA Liberal MPs was probably cheaper than a commercial flight,Budget(s),en,AU,inthered:::christopher pyne:::raaf:::jet:::boeing:::737:::mps:::expenses:::entitlements:::air force:::qantas:::virgin,28,Christopher Pyne,Liberal,,https://www.abc.net.au/news/5086058
5063342,abc,negative,Christopher Pyne says independent public schools are improving student outcomes in Western Australia.,Soprano et al,Liberal_Negative_doc5,0,unsubstantiated,Christopher Pyne in the red on student outcomes in independent public schools,Pyne in the red on student outcomes in independent public schools,,2013-11-06,17:16:36,2013-11-14,17:34:08,,Christopher Pyne says independent public schools are improving student outcomes in Western Australia,Education,en,AU,christopher pyne:::inthered:::public schools:::independent:::state schools:::western australia,13,Christopher Pyne,Liberal,,https://www.abc.net.au/news/5063342
4989750,abc,negative,Greg Hunt says emissions went up under the carbon price from 560 to 637 million tonnes.,Soprano et al,Liberal_Negative_doc3,0,misleading,What Greg Hunt didn't say about the carbon price and emissions,What Greg Hunt didn't say about the carbon price,,2013-10-01,18:21:01,2013-10-04,10:52:26,,Greg Hunt says emissions went up under the carbon price from 560 to 637 million tonnes,Environment,en,AU,greg hunt:::carbon tax:::carbon emissions:::carbon price:::carbon levels:::climate institute:::department of climate change:::inthered,16,Greg Hunt,Liberal,,https://www.abc.net.au/news/4989750
4899740,abc,negative,I think it is important to do what we reasonably can to get them up again... I just wish that this Government hadn't presided over a reduction in vaccination rates.,Soprano et al,Liberal_Negative_doc2,0,wrong,Tony Abbott wrong on child immunisation rates,,,2013-08-21,07:14:42,2013-08-23,15:45:03,,I think it is important to do what we reasonably can to get them up again I just wish that this Government hadnt presided over a reduction in vaccination rates,Health,en,AU,vaccination:::immunisation:::rates:::children:::australia:::tony abbott,30,Tony Abbott,Liberal,,https://www.abc.net.au/news/4899740
4908332,abc,negative,"It is $22 billion,"" Mr Rudd said on the ABC's Q&A program on September 2.""It is more than we spend for the entire nation on childcare support for all those families out there with kids in childcare. It is a bigger number than that.""",Soprano et al,Labor_Negative_doc4,0,incorrect,"Kevin Rudd's parental leave, child care comparison incorrect ","Rudd's parental leave, child care comparison incorrect ",,2013-09-04,09:16:43,2013-09-06,09:10:52,,It is 22 billion Mr Rudd said on the ABCs QA program on September 2It is more than we spend for the entire nation on childcare support for all those families out there with kids in childcare It is a bigger number than that,Health,en,AU,inthered:::kevin rudd:::child care:::parental leave:::cost,44,Kevin Rudd,Labor,,https://www.abc.net.au/news/4908332
4906242,abc,negative,"Mr Abbott seems to be suffering from just a little bit of amnesia,"" Mr Rudd said.""When he was health minister he cut $1 billion from the public hospitals budget of Australia",Soprano et al,Labor_Negative_doc3,0,wrong,Kevin Rudd wrong on Tony Abbott's '$1b hospital funding cut',Rudd wrong on Abbott's '$1b hospital funding cut',,2013-08-23,15:33:29,2014-02-03,17:53:47,,Mr Abbott seems to be suffering from just a little bit of amnesia Mr Rudd saidWhen he was health minister he cut 1 billion from the public hospitals budget of Australia,Health,en,AU,inthered:::kevin rudd:::hospital:::tony abbott:::health minister,32,Kevin Rudd,Labor,,https://www.abc.net.au/news/4906242
5255490,abc,negative,"Opposition workplace relations spokesman Brendan O'Connor says the 2001 Building and Construction Industry Royal Commission cost $66 million, equating to $100 million in today's dollars.",Soprano et al,Labor_Negative_doc8,0,incorrect,Brendan O'Connor incorrect on Cole royal commission cost,,,2014-02-14,13:21:51,2014-02-14,13:26:49,,Opposition workplace relations spokesman Brendan OConnor says the 2001 Building and Construction Industry Royal Commission cost 66 million equating to 100 million in todays dollars,Budget(s),en,AU,royal commission:::brendan o'connor:::incorrect:::inthered:::building:::terence cole,25,Brendan O Connor,Labor,,https://www.abc.net.au/news/5255490
5038372,abc,negative,Tanya Plibersek says the last time there was only one woman in Cabinet was 1976.,Soprano et al,Labor_Negative_doc6,0,wrong,Tanya Plibersek wrong on the history of women in cabinet,Tanya Plibersek wrong on the history of women in cabinet,,2013-10-25,10:15:18,2013-11-08,14:26:24,,Tanya Plibersek says the last time there was only one woman in Cabinet was 1976,Employment,en,AU,tanya plibersek:::women:::cabinet:::inthered,15,Tanya Plibersek,Labor,,https://www.abc.net.au/news/5038372
4871852,abc,negative,The Labor Party has repeatedly claimed the Coalition needs to make cuts of $70 billion to vital services to balance the budget.,Soprano et al,Labor_Negative_doc2,0,not credible,Kevin Rudd's $70 billion black hole claim not credible,,,2013-08-14,00:13:48,2013-08-14,17:56:29,,The Labor Party has repeatedly claimed the Coalition needs to make cuts of 70 billion to vital services to balance the budget,Environment,en,AU,penny wong:::70 billion:::black hole:::kevin rudd:::coalition:::budget:::inthered,22,Kevin Rudd,Labor,,https://www.abc.net.au/news/4871852
5214802,abc,negative,Tony Abbott says asylum seekers who come to Australia are attempting to break Australian law.,Soprano et al,Liberal_Negative_doc8,0,incorrect,Tony Abbott incorrect on asylum seekers breaking Australian law,,,2014-01-24,13:49:41,2014-02-04,17:17:19,,Tony Abbott says asylum seekers who come to Australia are attempting to break Australian law,Immigration,en,AU,tony abbott:::inthered:::asylum seekers:::illegal:::australia,15,Tony Abbott,Liberal,,https://www.abc.net.au/news/5214802
5053844,abc,negative,"Tony Abbott says marriage, or marriage-like relationships, have always been between a man and a woman",Soprano et al,Liberal_Negative_doc4,0,incorrect,Tony Abbott incorrect on the history of marriage,,,2013-11-01,11:53:35,2013-11-08,14:25:07,,Tony Abbott says marriage or marriagelike relationships have always been between a man and a woman,Gender,en,AU,same sex marriage:::gay marriage:::inthered:::federal government:::tony abbott,16,Tony Abbott,Liberal,,https://www.abc.net.au/news/5053844
5320468,abc,negative,Tony Abbott says the carbon tax is partly to blame for the closure of Alcoa's Point Henry aluminium smelter.,Soprano et al,Liberal_Negative_doc10,0,not the full story,Tony Abbott not telling the full story on Alcoa and the carbon tax,,,2014-03-14,16:40:14,2014-03-17,09:11:55,,Tony Abbott says the carbon tax is partly to blame for the closure of Alcoas Point Henry aluminium smelter,Employment,en,AU,alcoa:::fact check:::tony abbott:::carbon tax:::inthered:::inbetween:::carbon credits,19,Tony Abbott,Liberal,,https://www.abc.net.au/news/5320468
4897264,abc,negative,"We left the country with net assets of $70 billion, where if we are elected on the 7th of September we inherit debt going to $400 billion",Soprano et al,Liberal_Negative_doc1,0,exaggeration,"Joe Hockey exaggerates difference between Labor, Coalition record on debt",,,2013-08-19,19:18:12,2014-05-09,16:49:57,,We left the country with net assets of 70 billion where if we are elected on the 7th of September we inherit debt going to 400 billion,Economy,en,AU,joe hockey:::debt:::treasurer:::inbetween,27,Joe Hockey,Liberal,,https://www.abc.net.au/news/4897264
4865274,abc,negative,"We're very prepared to put out a statement before the election, updating on the budget process. Josh's party hasn't even submitted one policy for costing yet to the Parliamentary Budget Office",Soprano et al,Labor_Negative_doc1,0,incorrect,Labor MP Michelle Rowland incorrect on the Coalition's policy costings,,,2013-08-14,00:13:48,2013-08-14,00:13:48,,Were very prepared to put out a statement before the election updating on the budget process Joshs party hasnt even submitted one policy for costing yet to the Parliamentary Budget Office,Budget(s),en,AU,parliamentary budget office:::inthered:::michelle rowland:::josh frydenberg,31,Michelle Rowland,Labor,,https://www.abc.net.au/news/4865274
5270252,abc,negative,Kelly O'Dwyer says Australia has one of the highest per capita refugee intakes in the world.,Soprano et al,Liberal_Negative_doc9,0,,Liberal MP Kelly O'Dwyer incorrect on Australia's refugee intake,,,2014-02-24,,2014-03-18,,,Kelly ODwyer says Australia has one of the highest per capita refugee intakes in the world,,en,AU,,16,Kelly O'Dwyer,,,https://www.abc.net.au/news/2014-02-24/liberal-mp-kelly-odwyer-incorrect-on-australias-refugee-intake/5270252
