task_name,worker_id,paid,unit_id,try_current,text
Soprano et al,worker_180,True,Big-0,1.0,none
Soprano et al,worker_82,True,Big-0,1.0,none
Soprano et al,worker_64,True,Big-0,1.0,Great survey I thought it was really interesting
Soprano et al,worker_200,True,Big-0,1.0,I cannot submit my output token into mechanical turk task page
Soprano et al,worker_163,True,Big-0,1.0,Interesting study on searches and search results Thanks and good luck with your research
Soprano et al,worker_124,True,Big-0,1.0,Thanks
Soprano et al,worker_38,True,Big-0,1.0,The last segment would not let me look unless i bought a subscription
Soprano et al,worker_105,True,Big-1,1.0,no comments
Soprano et al,worker_158,True,Big-0,1.0,NICE STUDY
Soprano et al,worker_151,True,Big-1,1.0,good
Soprano et al,worker_23,True,Big-1,1.0,Nice
Soprano et al,worker_21,True,Big-1,1.0,good
Soprano et al,worker_79,True,Big-1,1.0,no comment
Soprano et al,worker_58,True,Big-0,1.0,PURPOSE
Soprano et al,worker_167,True,Big-1,1.0,GOOD
Soprano et al,worker_70,True,Big-0,1.0,Stay safe thanks for a lot of Aussie questions from a former Aussie resident
Soprano et al,worker_198,True,Big-0,1.0,No comments
Soprano et al,worker_112,True,Big-0,1.0,This was interesting i am not sure how we are supposed to judge the corectn3ss of political slogans or made up quotes fromlong dead politicians though Thank you for letting me participate
Soprano et al,worker_66,True,Big-1,1.0,good
Soprano et al,worker_84,True,Big-0,1.0,none
Soprano et al,worker_32,True,Big-0,1.0,This was a very long survey and it was hindered by poor search results for international nonUS stories I took my time and really read the information which resulted in about 40 minutes of my time being spent for 2 I am not sure how many others are really willing to do thisId recommend making the survey shorter and allowing people to use their own search engine
Soprano et al,worker_111,True,Big-1,1.0,Please improve your search engine Its so much quicker and easier to find evidence using Google search
Soprano et al,worker_120,True,Big-0,1.0,NICE
Soprano et al,worker_174,True,Big-1,1.0,Thanks so much
Soprano et al,worker_178,True,Big-1,1.0,Nothing
Soprano et al,worker_168,True,Big-0,1.0,None thanks
Soprano et al,worker_165,True,Big-1,1.0,Its interesting Please upload more tasks like this
Soprano et al,worker_67,True,Big-0,1.0,na
Soprano et al,worker_126,True,Big-0,1.0,Thank you and good luck with your research
Soprano et al,worker_48,True,Big-0,1.0,I found this search engine to provide far fewer and less relevant results than Google Bing or other major search engines This often hindered my efforts to find information on the claims being made
Soprano et al,worker_189,True,Big-1,1.0,good survey
Soprano et al,worker_122,True,Big-1,1.0,thank you
Soprano et al,worker_89,True,Big-0,1.0,i wish there was a test page vs just an example as it didnt really explain everything we had to do i hope i did it right
Soprano et al,worker_131,True,Big-1,1.0,I am very interesting for this survey Thank you
Soprano et al,worker_27,True,Big-1,1.0,no
Soprano et al,worker_173,True,Big-1,1.0,very interesting for me
Soprano et al,worker_26,True,Big-0,1.0,Overall its a difficult task but at the same time it is pretty much informative for me So thank you guys keep it up
Soprano et al,worker_74,True,Big-1,1.0,Great study
Soprano et al,worker_103,True,Big-1,1.0,INTERESTING
Soprano et al,worker_175,True,Big-1,1.0,GOOD
Soprano et al,worker_69,True,Big-1,1.0,No Comments
Soprano et al,worker_107,True,Big-0,1.0,Your search engine in the survey seems to block any of the politifactcom URLs so that I cant select them I wonder how objective your results are if you do not allow your subjects to truthfully report what sources they used to answer your researchbased inquiries If you wanted subjects to be limited to your research tools then conducting this survey on unrestricted remote computers and browsers serves as a limitation I hope you will note in your publication or you will stop filtering the search results in your query field
Soprano et al,worker_185,True,Big-1,1.0,CAN OBSERVED SOMEONE IN THAT
Soprano et al,worker_29,True,Big-1,1.0,The instructions mentioned 8 tasks that needed to be completed but there were more Furthermore the last few were about Australian politics not US politics
Soprano et al,worker_169,True,Big-0,1.0,good survey and very interesting
Soprano et al,worker_130,True,Big-0,2.0,Very nice
Soprano et al,worker_154,True,Big-1,1.0,INTERESTING
Soprano et al,worker_142,True,Big-1,1.0,interesting
Soprano et al,worker_52,True,Big-1,1.0,Your directions are incorrect You state in your directions that the taker will only have to judge 8 statements but it is actually 11
Soprano et al,worker_34,True,Big-1,1.0,this survey is very usefuland very intersting
Soprano et al,worker_44,True,Big-0,1.0,searching a link and answer to the questions
Soprano et al,worker_53,True,Big-0,1.0,It was difficult to determine the task but I did my best Obviously Abe Lincoln didnt make any statements in 2006
Soprano et al,worker_93,True,Big-1,1.0,I like he study
Soprano et al,worker_2,True,Big-1,1.0,Good to participate
Soprano et al,worker_172,True,Big-1,1.0,Not too bad but a bit intense hard to understand and a lot of reading for the pay
Soprano et al,worker_183,True,Big-1,1.0,great work
Soprano et al,worker_133,True,Big-1,1.0,good task
Soprano et al,worker_42,True,Big-1,1.0,good survey
Soprano et al,worker_147,True,Big-1,1.0,Good one and i like
Soprano et al,worker_127,True,Big-0,1.0,nice survey
Soprano et al,worker_88,True,Big-1,1.0,good
Soprano et al,worker_143,True,Big-1,1.0,interesting
Soprano et al,worker_119,True,Big-0,1.0,AMAZING
Soprano et al,worker_138,True,Big-1,1.0,GOOD
Soprano et al,worker_156,True,Big-0,1.0,interesting
Soprano et al,worker_115,True,Big-0,1.0,i like this survey
Soprano et al,worker_20,True,Big-1,1.0,good
Soprano et al,worker_90,True,Big-1,1.0,interesting
Soprano et al,worker_166,True,Big-1,1.0,good
Soprano et al,worker_73,True,Big-0,1.0,
Soprano et al,worker_162,True,Big-0,1.0,Thanks
Soprano et al,worker_140,True,Big-0,1.0,I appreciate the opportunity to participate in this study
Soprano et al,worker_195,True,Big-1,1.0,no comments
Soprano et al,worker_155,True,Big-1,1.0,Good one It is really interesting
Soprano et al,worker_164,True,Big-0,1.0,Speaker reliability is a difficult question Am I to assume that the stated speaker is actually the person making the statement In the Abraham Lincoln question Abraham Lincoln is a reliable speaker however there is obvious doubt that Abraham Lincoln made that statement I wasnt sure to answer that question as if it was in fact made by Abraham Lincoln or by a incorrect party
Soprano et al,worker_181,True,Big-0,1.0,Nice task
Soprano et al,worker_125,True,Big-0,1.0,Good survey
