task_name,worker_id,HITTypeId,Title,Description,Keywords,Reward,CreationTime,Expiration,MaxAssignments,RequesterAnnotation,AssignmentDurationInSeconds,AutoApprovalDelayInSeconds,AssignmentStatus,AcceptTime,SubmitTime,AutoApprovalTime,ApprovalTime,WorkTimeInSeconds,LifetimeApprovalRate,Last30DaysApprovalRate,Last7DaysApprovalRate
Soprano et al,worker_123,3SL9J757T8FWABHDH1DDOZH59OG631,Misinformation - Political Statements,Classification of misinformation from political statements,"misinformation, political, news",$2.00,Fri Jun 05 06:49:19 PDT 2020,Sat Jun 20 06:49:19 PDT 2020,1,BatchId:4068287;OriginalHitTemplateId:928390828;,3600,86400,Approved,Fri Jun 05 10:39:44 PDT 2020,Fri Jun 05 11:32:57 PDT 2020,Sat Jun 06 11:32:57 PDT 2020,Sat Jun 06 11:33:25 PDT 2020,3193.0,100% (1/1),100% (1/1),100% (1/1)
Soprano et al,worker_192,3SL9J757T8FWABHDH1DDOZH59OG631,Misinformation - Political Statements,Classification of misinformation from political statements,"misinformation, political, news",$2.00,Thu Jun 04 03:09:30 PDT 2020,Fri Jun 19 03:09:30 PDT 2020,1,BatchId:4066386;OriginalHitTemplateId:928390828;,3600,86400,Approved,Fri Jun 05 12:27:09 PDT 2020,Fri Jun 05 13:05:25 PDT 2020,Sat Jun 06 13:05:25 PDT 2020,Sat Jun 06 13:05:28 PDT 2020,2296.0,100% (1/1),100% (1/1),100% (1/1)
Soprano et al,worker_30,3SL9J757T8FWABHDH1DDOZH59OG631,Misinformation - Political Statements,Classification of misinformation from political statements,"misinformation, political, news",$2.00,Fri Jun 05 06:49:19 PDT 2020,Sat Jun 20 06:49:19 PDT 2020,1,BatchId:4068287;OriginalHitTemplateId:928390828;,3600,86400,Approved,Fri Jun 05 20:37:24 PDT 2020,Fri Jun 05 20:59:16 PDT 2020,Sat Jun 06 20:59:16 PDT 2020,Sat Jun 06 20:59:25 PDT 2020,1312.0,100% (1/1),100% (1/1),100% (1/1)
Soprano et al,worker_33,3SL9J757T8FWABHDH1DDOZH59OG631,Misinformation - Political Statements,Classification of misinformation from political statements,"misinformation, political, news",$2.00,Mon Jun 01 05:44:45 PDT 2020,Tue Jun 16 05:44:45 PDT 2020,1,BatchId:4062037;OriginalHitTemplateId:928390828;,3600,86400,Approved,Mon Jun 01 05:45:18 PDT 2020,Mon Jun 01 06:03:40 PDT 2020,Tue Jun 02 06:03:40 PDT 2020,Mon Jun 01 11:12:25 PDT 2020,1102.0,100% (1/1),100% (1/1),100% (1/1)
Soprano et al,worker_181,3SL9J757T8FWABHDH1DDOZH59OG631,Misinformation - Political Statements,Classification of misinformation from political statements,"misinformation, political, news",$2.00,Mon Jun 01 05:44:43 PDT 2020,Tue Jun 16 05:44:43 PDT 2020,1,BatchId:4062037;OriginalHitTemplateId:928390828;,3600,86400,Approved,Mon Jun 01 05:44:59 PDT 2020,Mon Jun 01 06:07:16 PDT 2020,Tue Jun 02 06:07:16 PDT 2020,Mon Jun 01 11:12:25 PDT 2020,1337.0,100% (1/1),100% (1/1),100% (1/1)
Soprano et al,worker_120,3SL9J757T8FWABHDH1DDOZH59OG631,Misinformation - Political Statements,Classification of misinformation from political statements,"misinformation, political, news",$2.00,Mon Jun 01 05:44:48 PDT 2020,Tue Jun 16 05:44:48 PDT 2020,1,BatchId:4062037;OriginalHitTemplateId:928390828;,3600,86400,Approved,Mon Jun 01 05:56:51 PDT 2020,Mon Jun 01 06:16:56 PDT 2020,Tue Jun 02 06:16:56 PDT 2020,Mon Jun 01 11:12:23 PDT 2020,1205.0,100% (1/1),100% (1/1),100% (1/1)
Soprano et al,worker_67,3SL9J757T8FWABHDH1DDOZH59OG631,Misinformation - Political Statements,Classification of misinformation from political statements,"misinformation, political, news",$2.00,Mon Jun 01 05:44:42 PDT 2020,Tue Jun 16 05:44:42 PDT 2020,1,BatchId:4062037;OriginalHitTemplateId:928390828;,3600,86400,Approved,Mon Jun 01 05:44:56 PDT 2020,Mon Jun 01 06:17:34 PDT 2020,Tue Jun 02 06:17:34 PDT 2020,Mon Jun 01 11:12:20 PDT 2020,1958.0,100% (1/1),100% (1/1),100% (1/1)
Soprano et al,worker_1,3SL9J757T8FWABHDH1DDOZH59OG631,Misinformation - Political Statements,Classification of misinformation from political statements,"misinformation, political, news",$2.00,Mon Jun 01 05:44:42 PDT 2020,Tue Jun 16 05:44:42 PDT 2020,1,BatchId:4062037;OriginalHitTemplateId:928390828;,3600,86400,Approved,Mon Jun 01 05:53:24 PDT 2020,Mon Jun 01 06:18:32 PDT 2020,Tue Jun 02 06:18:32 PDT 2020,Mon Jun 01 11:12:28 PDT 2020,1508.0,100% (1/1),100% (1/1),100% (1/1)
Soprano et al,worker_198,3SL9J757T8FWABHDH1DDOZH59OG631,Misinformation - Political Statements,Classification of misinformation from political statements,"misinformation, political, news",$2.00,Mon Jun 01 05:44:42 PDT 2020,Tue Jun 16 05:44:42 PDT 2020,1,BatchId:4062037;OriginalHitTemplateId:928390828;,3600,86400,Approved,Mon Jun 01 05:59:47 PDT 2020,Mon Jun 01 06:19:41 PDT 2020,Tue Jun 02 06:19:41 PDT 2020,Mon Jun 01 11:12:16 PDT 2020,1194.0,100% (1/1),100% (1/1),100% (1/1)
Soprano et al,worker_97,3SL9J757T8FWABHDH1DDOZH59OG631,Misinformation - Political Statements,Classification of misinformation from political statements,"misinformation, political, news",$2.00,Mon Jun 01 05:44:47 PDT 2020,Tue Jun 16 05:44:47 PDT 2020,1,BatchId:4062037;OriginalHitTemplateId:928390828;,3600,86400,Approved,Mon Jun 01 05:55:18 PDT 2020,Mon Jun 01 06:20:22 PDT 2020,Tue Jun 02 06:20:22 PDT 2020,Mon Jun 01 11:12:24 PDT 2020,1504.0,100% (1/1),100% (1/1),100% (1/1)
Soprano et al,worker_160,3SL9J757T8FWABHDH1DDOZH59OG631,Misinformation - Political Statements,Classification of misinformation from political statements,"misinformation, political, news",$2.00,Mon Jun 01 05:44:43 PDT 2020,Tue Jun 16 05:44:43 PDT 2020,1,BatchId:4062037;OriginalHitTemplateId:928390828;,3600,86400,Approved,Mon Jun 01 06:02:43 PDT 2020,Mon Jun 01 06:29:10 PDT 2020,Tue Jun 02 06:29:10 PDT 2020,Mon Jun 01 11:12:23 PDT 2020,1587.0,100% (1/1),100% (1/1),100% (1/1)
Soprano et al,worker_7,3SL9J757T8FWABHDH1DDOZH59OG631,Misinformation - Political Statements,Classification of misinformation from political statements,"misinformation, political, news",$2.00,Mon Jun 01 05:44:47 PDT 2020,Tue Jun 16 05:44:47 PDT 2020,1,BatchId:4062037;OriginalHitTemplateId:928390828;,3600,86400,Approved,Mon Jun 01 06:09:36 PDT 2020,Mon Jun 01 06:30:25 PDT 2020,Tue Jun 02 06:30:25 PDT 2020,Mon Jun 01 11:12:21 PDT 2020,1249.0,100% (3/3),100% (2/2),100% (2/2)
Soprano et al,worker_11,3SL9J757T8FWABHDH1DDOZH59OG631,Misinformation - Political Statements,Classification of misinformation from political statements,"misinformation, political, news",$2.00,Mon Jun 01 05:44:47 PDT 2020,Tue Jun 16 05:44:47 PDT 2020,1,BatchId:4062037;OriginalHitTemplateId:928390828;,3600,86400,Approved,Mon Jun 01 05:51:51 PDT 2020,Mon Jun 01 06:37:20 PDT 2020,Tue Jun 02 06:37:20 PDT 2020,Mon Jun 01 11:12:28 PDT 2020,2729.0,100% (1/1),100% (1/1),100% (1/1)
Soprano et al,worker_188,3SL9J757T8FWABHDH1DDOZH59OG631,Misinformation - Political Statements,Classification of misinformation from political statements,"misinformation, political, news",$2.00,Mon Jun 01 05:44:41 PDT 2020,Tue Jun 16 05:44:41 PDT 2020,1,BatchId:4062037;OriginalHitTemplateId:928390828;,3600,86400,Approved,Mon Jun 01 05:49:47 PDT 2020,Mon Jun 01 06:37:30 PDT 2020,Tue Jun 02 06:37:30 PDT 2020,Mon Jun 01 11:12:27 PDT 2020,2863.0,100% (1/1),100% (1/1),100% (1/1)
Soprano et al,worker_193,3SL9J757T8FWABHDH1DDOZH59OG631,Misinformation - Political Statements,Classification of misinformation from political statements,"misinformation, political, news",$2.00,Mon Jun 01 05:44:48 PDT 2020,Tue Jun 16 05:44:48 PDT 2020,1,BatchId:4062037;OriginalHitTemplateId:928390828;,3600,86400,Approved,Mon Jun 01 05:55:07 PDT 2020,Mon Jun 01 06:45:53 PDT 2020,Tue Jun 02 06:45:53 PDT 2020,Mon Jun 01 11:12:16 PDT 2020,3046.0,100% (1/1),100% (1/1),100% (1/1)
Soprano et al,worker_31,3SL9J757T8FWABHDH1DDOZH59OG631,Misinformation - Political Statements,Classification of misinformation from political statements,"misinformation, political, news",$2.00,Mon Jun 01 05:44:48 PDT 2020,Tue Jun 16 05:44:48 PDT 2020,1,BatchId:4062037;OriginalHitTemplateId:928390828;,3600,86400,Approved,Mon Jun 01 06:15:58 PDT 2020,Mon Jun 01 07:01:02 PDT 2020,Tue Jun 02 07:01:02 PDT 2020,Mon Jun 01 11:12:19 PDT 2020,2704.0,100% (1/1),100% (1/1),100% (1/1)
Soprano et al,worker_125,3SL9J757T8FWABHDH1DDOZH59OG631,Misinformation - Political Statements,Classification of misinformation from political statements,"misinformation, political, news",$2.00,Mon Jun 01 05:44:41 PDT 2020,Tue Jun 16 05:44:41 PDT 2020,1,BatchId:4062037;OriginalHitTemplateId:928390828;,3600,86400,Approved,Mon Jun 01 07:03:27 PDT 2020,Mon Jun 01 07:18:15 PDT 2020,Tue Jun 02 07:18:15 PDT 2020,Mon Jun 01 11:12:28 PDT 2020,888.0,100% (1/1),100% (1/1),100% (1/1)
Soprano et al,worker_124,3SL9J757T8FWABHDH1DDOZH59OG631,Misinformation - Political Statements,Classification of misinformation from political statements,"misinformation, political, news",$2.00,Mon Jun 01 05:44:47 PDT 2020,Tue Jun 16 05:44:47 PDT 2020,1,BatchId:4062037;OriginalHitTemplateId:928390828;,3600,86400,Approved,Mon Jun 01 07:11:18 PDT 2020,Mon Jun 01 07:50:26 PDT 2020,Tue Jun 02 07:50:26 PDT 2020,Mon Jun 01 11:12:14 PDT 2020,2348.0,100% (1/1),100% (1/1),100% (1/1)
Soprano et al,worker_156,3SL9J757T8FWABHDH1DDOZH59OG631,Misinformation - Political Statements,Classification of misinformation from political statements,"misinformation, political, news",$2.00,Mon Jun 01 05:44:46 PDT 2020,Tue Jun 16 05:44:46 PDT 2020,1,BatchId:4062037;OriginalHitTemplateId:928390828;,3600,86400,Approved,Mon Jun 01 07:46:19 PDT 2020,Mon Jun 01 07:54:13 PDT 2020,Tue Jun 02 07:54:13 PDT 2020,Mon Jun 01 11:12:16 PDT 2020,474.0,100% (1/1),100% (1/1),100% (1/1)
Soprano et al,worker_44,3SL9J757T8FWABHDH1DDOZH59OG631,Misinformation - Political Statements,Classification of misinformation from political statements,"misinformation, political, news",$2.00,Mon Jun 01 05:44:43 PDT 2020,Tue Jun 16 05:44:43 PDT 2020,1,BatchId:4062037;OriginalHitTemplateId:928390828;,3600,86400,Approved,Mon Jun 01 07:11:39 PDT 2020,Mon Jun 01 08:08:40 PDT 2020,Tue Jun 02 08:08:40 PDT 2020,Mon Jun 01 11:12:22 PDT 2020,3421.0,100% (1/1),100% (1/1),100% (1/1)
Soprano et al,worker_64,3SL9J757T8FWABHDH1DDOZH59OG631,Misinformation - Political Statements,Classification of misinformation from political statements,"misinformation, political, news",$2.00,Mon Jun 01 05:44:45 PDT 2020,Tue Jun 16 05:44:45 PDT 2020,1,BatchId:4062037;OriginalHitTemplateId:928390828;,3600,86400,Approved,Mon Jun 01 08:00:14 PDT 2020,Mon Jun 01 08:10:18 PDT 2020,Tue Jun 02 08:10:18 PDT 2020,Mon Jun 01 11:12:17 PDT 2020,604.0,100% (1/1),100% (1/1),100% (1/1)
Soprano et al,worker_191,3SL9J757T8FWABHDH1DDOZH59OG631,Misinformation - Political Statements,Classification of misinformation from political statements,"misinformation, political, news",$2.00,Mon Jun 01 05:44:47 PDT 2020,Tue Jun 16 05:44:47 PDT 2020,1,BatchId:4062037;OriginalHitTemplateId:928390828;,3600,86400,Approved,Mon Jun 01 07:48:36 PDT 2020,Mon Jun 01 08:13:28 PDT 2020,Tue Jun 02 08:13:28 PDT 2020,Mon Jun 01 11:12:24 PDT 2020,1492.0,100% (1/1),100% (1/1),100% (1/1)
Soprano et al,worker_85,3SL9J757T8FWABHDH1DDOZH59OG631,Misinformation - Political Statements,Classification of misinformation from political statements,"misinformation, political, news",$2.00,Mon Jun 01 05:44:47 PDT 2020,Tue Jun 16 05:44:47 PDT 2020,1,BatchId:4062037;OriginalHitTemplateId:928390828;,3600,86400,Approved,Mon Jun 01 08:04:13 PDT 2020,Mon Jun 01 08:17:11 PDT 2020,Tue Jun 02 08:17:11 PDT 2020,Mon Jun 01 11:12:17 PDT 2020,778.0,100% (1/1),100% (1/1),100% (1/1)
Soprano et al,worker_102,3SL9J757T8FWABHDH1DDOZH59OG631,Misinformation - Political Statements,Classification of misinformation from political statements,"misinformation, political, news",$2.00,Mon Jun 01 05:44:43 PDT 2020,Tue Jun 16 05:44:43 PDT 2020,1,BatchId:4062037;OriginalHitTemplateId:928390828;,3600,86400,Approved,Mon Jun 01 08:00:45 PDT 2020,Mon Jun 01 08:22:41 PDT 2020,Tue Jun 02 08:22:41 PDT 2020,Mon Jun 01 11:12:21 PDT 2020,1316.0,100% (1/1),100% (1/1),100% (1/1)
Soprano et al,worker_145,3SL9J757T8FWABHDH1DDOZH59OG631,Misinformation - Political Statements,Classification of misinformation from political statements,"misinformation, political, news",$2.00,Mon Jun 01 05:44:44 PDT 2020,Tue Jun 16 05:44:44 PDT 2020,1,BatchId:4062037;OriginalHitTemplateId:928390828;,3600,86400,Approved,Mon Jun 01 07:45:45 PDT 2020,Mon Jun 01 08:23:03 PDT 2020,Tue Jun 02 08:23:03 PDT 2020,Mon Jun 01 11:12:17 PDT 2020,2238.0,100% (1/1),100% (1/1),100% (1/1)
Soprano et al,worker_32,3SL9J757T8FWABHDH1DDOZH59OG631,Misinformation - Political Statements,Classification of misinformation from political statements,"misinformation, political, news",$2.00,Mon Jun 01 05:44:43 PDT 2020,Tue Jun 16 05:44:43 PDT 2020,1,BatchId:4062037;OriginalHitTemplateId:928390828;,3600,86400,Approved,Mon Jun 01 07:48:22 PDT 2020,Mon Jun 01 08:24:01 PDT 2020,Tue Jun 02 08:24:01 PDT 2020,Mon Jun 01 11:12:11 PDT 2020,2139.0,100% (1/1),100% (1/1),100% (1/1)
Soprano et al,worker_61,3SL9J757T8FWABHDH1DDOZH59OG631,Misinformation - Political Statements,Classification of misinformation from political statements,"misinformation, political, news",$2.00,Mon Jun 01 05:44:43 PDT 2020,Tue Jun 16 05:44:43 PDT 2020,1,BatchId:4062037;OriginalHitTemplateId:928390828;,3600,86400,Approved,Mon Jun 01 08:01:17 PDT 2020,Mon Jun 01 08:30:09 PDT 2020,Tue Jun 02 08:30:09 PDT 2020,Mon Jun 01 11:12:20 PDT 2020,1732.0,100% (1/1),100% (1/1),100% (1/1)
Soprano et al,worker_82,3SL9J757T8FWABHDH1DDOZH59OG631,Misinformation - Political Statements,Classification of misinformation from political statements,"misinformation, political, news",$2.00,Mon Jun 01 05:44:40 PDT 2020,Tue Jun 16 05:44:40 PDT 2020,1,BatchId:4062037;OriginalHitTemplateId:928390828;,3600,86400,Approved,Mon Jun 01 08:10:17 PDT 2020,Mon Jun 01 08:32:55 PDT 2020,Tue Jun 02 08:32:55 PDT 2020,Mon Jun 01 11:12:26 PDT 2020,1358.0,100% (1/1),100% (1/1),100% (1/1)
Soprano et al,worker_158,3SL9J757T8FWABHDH1DDOZH59OG631,Misinformation - Political Statements,Classification of misinformation from political statements,"misinformation, political, news",$2.00,Mon Jun 01 05:44:43 PDT 2020,Tue Jun 16 05:44:43 PDT 2020,1,BatchId:4062037;OriginalHitTemplateId:928390828;,3600,86400,Approved,Mon Jun 01 07:54:55 PDT 2020,Mon Jun 01 08:46:35 PDT 2020,Tue Jun 02 08:46:35 PDT 2020,Mon Jun 01 11:12:25 PDT 2020,3100.0,100% (1/1),100% (1/1),100% (1/1)
Soprano et al,worker_134,3SL9J757T8FWABHDH1DDOZH59OG631,Misinformation - Political Statements,Classification of misinformation from political statements,"misinformation, political, news",$2.00,Mon Jun 01 05:44:40 PDT 2020,Tue Jun 16 05:44:40 PDT 2020,1,BatchId:4062037;OriginalHitTemplateId:928390828;,3600,86400,Approved,Mon Jun 01 08:21:26 PDT 2020,Mon Jun 01 08:54:26 PDT 2020,Tue Jun 02 08:54:26 PDT 2020,Mon Jun 01 11:12:20 PDT 2020,1980.0,100% (1/1),100% (1/1),100% (1/1)
Soprano et al,worker_48,3SL9J757T8FWABHDH1DDOZH59OG631,Misinformation - Political Statements,Classification of misinformation from political statements,"misinformation, political, news",$2.00,Mon Jun 01 05:44:40 PDT 2020,Tue Jun 16 05:44:40 PDT 2020,1,BatchId:4062037;OriginalHitTemplateId:928390828;,3600,86400,Approved,Mon Jun 01 08:24:06 PDT 2020,Mon Jun 01 09:01:21 PDT 2020,Tue Jun 02 09:01:21 PDT 2020,Mon Jun 01 11:12:25 PDT 2020,2235.0,100% (1/1),100% (1/1),100% (1/1)
Soprano et al,worker_17,3SL9J757T8FWABHDH1DDOZH59OG631,Misinformation - Political Statements,Classification of misinformation from political statements,"misinformation, political, news",$2.00,Mon Jun 01 05:44:49 PDT 2020,Tue Jun 16 05:44:49 PDT 2020,1,BatchId:4062037;OriginalHitTemplateId:928390828;,3600,86400,Approved,Mon Jun 01 08:34:56 PDT 2020,Mon Jun 01 09:02:38 PDT 2020,Tue Jun 02 09:02:38 PDT 2020,Mon Jun 01 11:12:17 PDT 2020,1662.0,100% (1/1),100% (1/1),100% (1/1)
Soprano et al,worker_110,3SL9J757T8FWABHDH1DDOZH59OG631,Misinformation - Political Statements,Classification of misinformation from political statements,"misinformation, political, news",$2.00,Mon Jun 01 05:44:45 PDT 2020,Tue Jun 16 05:44:45 PDT 2020,1,BatchId:4062037;OriginalHitTemplateId:928390828;,3600,86400,Approved,Mon Jun 01 08:59:35 PDT 2020,Mon Jun 01 09:13:23 PDT 2020,Tue Jun 02 09:13:23 PDT 2020,Mon Jun 01 11:12:18 PDT 2020,828.0,100% (1/1),100% (1/1),100% (1/1)
Soprano et al,worker_168,3SL9J757T8FWABHDH1DDOZH59OG631,Misinformation - Political Statements,Classification of misinformation from political statements,"misinformation, political, news",$2.00,Mon Jun 01 05:44:45 PDT 2020,Tue Jun 16 05:44:45 PDT 2020,1,BatchId:4062037;OriginalHitTemplateId:928390828;,3600,86400,Approved,Mon Jun 01 08:19:11 PDT 2020,Mon Jun 01 09:13:53 PDT 2020,Tue Jun 02 09:13:53 PDT 2020,Mon Jun 01 11:12:27 PDT 2020,3282.0,100% (1/1),100% (1/1),100% (1/1)
Soprano et al,worker_115,3SL9J757T8FWABHDH1DDOZH59OG631,Misinformation - Political Statements,Classification of misinformation from political statements,"misinformation, political, news",$2.00,Mon Jun 01 05:44:43 PDT 2020,Tue Jun 16 05:44:43 PDT 2020,1,BatchId:4062037;OriginalHitTemplateId:928390828;,3600,86400,Approved,Mon Jun 01 08:56:37 PDT 2020,Mon Jun 01 09:18:10 PDT 2020,Tue Jun 02 09:18:10 PDT 2020,Mon Jun 01 11:12:21 PDT 2020,1293.0,100% (1/1),100% (1/1),100% (1/1)
Soprano et al,worker_121,3SL9J757T8FWABHDH1DDOZH59OG631,Misinformation - Political Statements,Classification of misinformation from political statements,"misinformation, political, news",$2.00,Mon Jun 01 05:44:42 PDT 2020,Tue Jun 16 05:44:42 PDT 2020,1,BatchId:4062037;OriginalHitTemplateId:928390828;,3600,86400,Approved,Mon Jun 01 08:31:46 PDT 2020,Mon Jun 01 09:28:15 PDT 2020,Tue Jun 02 09:28:15 PDT 2020,Mon Jun 01 11:12:18 PDT 2020,3389.0,100% (1/1),100% (1/1),100% (1/1)
Soprano et al,worker_187,3SL9J757T8FWABHDH1DDOZH59OG631,Misinformation - Political Statements,Classification of misinformation from political statements,"misinformation, political, news",$2.00,Mon Jun 01 05:44:48 PDT 2020,Tue Jun 16 05:44:48 PDT 2020,1,BatchId:4062037;OriginalHitTemplateId:928390828;,3600,86400,Approved,Mon Jun 01 08:49:44 PDT 2020,Mon Jun 01 09:28:31 PDT 2020,Tue Jun 02 09:28:31 PDT 2020,Mon Jun 01 11:12:27 PDT 2020,2327.0,100% (1/1),100% (1/1),100% (1/1)
Soprano et al,worker_10,3SL9J757T8FWABHDH1DDOZH59OG631,Misinformation - Political Statements,Classification of misinformation from political statements,"misinformation, political, news",$2.00,Mon Jun 01 05:44:42 PDT 2020,Tue Jun 16 05:44:42 PDT 2020,1,BatchId:4062037;OriginalHitTemplateId:928390828;,3600,86400,Approved,Mon Jun 01 08:55:47 PDT 2020,Mon Jun 01 09:31:27 PDT 2020,Tue Jun 02 09:31:27 PDT 2020,Mon Jun 01 11:12:14 PDT 2020,2140.0,100% (1/1),100% (1/1),100% (1/1)
Soprano et al,worker_196,3SL9J757T8FWABHDH1DDOZH59OG631,Misinformation - Political Statements,Classification of misinformation from political statements,"misinformation, political, news",$2.00,Mon Jun 01 05:44:48 PDT 2020,Tue Jun 16 05:44:48 PDT 2020,1,BatchId:4062037;OriginalHitTemplateId:928390828;,3600,86400,Approved,Mon Jun 01 09:31:22 PDT 2020,Mon Jun 01 09:44:32 PDT 2020,Tue Jun 02 09:44:32 PDT 2020,Mon Jun 01 11:12:15 PDT 2020,790.0,100% (1/1),100% (1/1),100% (1/1)
Soprano et al,worker_113,3SL9J757T8FWABHDH1DDOZH59OG631,Misinformation - Political Statements,Classification of misinformation from political statements,"misinformation, political, news",$2.00,Mon Jun 01 05:44:49 PDT 2020,Tue Jun 16 05:44:49 PDT 2020,1,BatchId:4062037;OriginalHitTemplateId:928390828;,3600,86400,Approved,Mon Jun 01 09:29:21 PDT 2020,Mon Jun 01 09:48:11 PDT 2020,Tue Jun 02 09:48:11 PDT 2020,Mon Jun 01 11:12:12 PDT 2020,1130.0,100% (1/1),100% (1/1),100% (1/1)
Soprano et al,worker_157,3SL9J757T8FWABHDH1DDOZH59OG631,Misinformation - Political Statements,Classification of misinformation from political statements,"misinformation, political, news",$2.00,Mon Jun 01 05:44:49 PDT 2020,Tue Jun 16 05:44:49 PDT 2020,1,BatchId:4062037;OriginalHitTemplateId:928390828;,3600,86400,Approved,Mon Jun 01 09:42:12 PDT 2020,Mon Jun 01 09:54:35 PDT 2020,Tue Jun 02 09:54:35 PDT 2020,Mon Jun 01 11:12:17 PDT 2020,743.0,100% (1/1),100% (1/1),100% (1/1)
Soprano et al,worker_130,3SL9J757T8FWABHDH1DDOZH59OG631,Misinformation - Political Statements,Classification of misinformation from political statements,"misinformation, political, news",$2.00,Mon Jun 01 05:44:45 PDT 2020,Tue Jun 16 05:44:45 PDT 2020,1,BatchId:4062037;OriginalHitTemplateId:928390828;,3600,86400,Approved,Mon Jun 01 09:20:13 PDT 2020,Mon Jun 01 09:54:35 PDT 2020,Tue Jun 02 09:54:35 PDT 2020,Mon Jun 01 11:12:11 PDT 2020,2062.0,100% (1/1),100% (1/1),100% (1/1)
Soprano et al,worker_22,3SL9J757T8FWABHDH1DDOZH59OG631,Misinformation - Political Statements,Classification of misinformation from political statements,"misinformation, political, news",$2.00,Mon Jun 01 05:44:45 PDT 2020,Tue Jun 16 05:44:45 PDT 2020,1,BatchId:4062037;OriginalHitTemplateId:928390828;,3600,86400,Approved,Mon Jun 01 09:38:26 PDT 2020,Mon Jun 01 09:56:58 PDT 2020,Tue Jun 02 09:56:58 PDT 2020,Mon Jun 01 11:12:27 PDT 2020,1112.0,100% (1/1),100% (1/1),100% (1/1)
Soprano et al,worker_163,3SL9J757T8FWABHDH1DDOZH59OG631,Misinformation - Political Statements,Classification of misinformation from political statements,"misinformation, political, news",$2.00,Mon Jun 01 05:44:40 PDT 2020,Tue Jun 16 05:44:40 PDT 2020,1,BatchId:4062037;OriginalHitTemplateId:928390828;,3600,86400,Approved,Mon Jun 01 09:49:23 PDT 2020,Mon Jun 01 10:11:21 PDT 2020,Tue Jun 02 10:11:21 PDT 2020,Mon Jun 01 11:12:14 PDT 2020,1318.0,100% (1/1),100% (1/1),100% (1/1)
Soprano et al,worker_112,3SL9J757T8FWABHDH1DDOZH59OG631,Misinformation - Political Statements,Classification of misinformation from political statements,"misinformation, political, news",$2.00,Mon Jun 01 05:44:41 PDT 2020,Tue Jun 16 05:44:41 PDT 2020,1,BatchId:4062037;OriginalHitTemplateId:928390828;,3600,86400,Approved,Mon Jun 01 09:41:19 PDT 2020,Mon Jun 01 10:14:19 PDT 2020,Tue Jun 02 10:14:19 PDT 2020,Mon Jun 01 11:12:25 PDT 2020,1980.0,100% (1/1),100% (1/1),100% (1/1)
Soprano et al,worker_58,3SL9J757T8FWABHDH1DDOZH59OG631,Misinformation - Political Statements,Classification of misinformation from political statements,"misinformation, political, news",$2.00,Mon Jun 01 05:44:41 PDT 2020,Tue Jun 16 05:44:41 PDT 2020,1,BatchId:4062037;OriginalHitTemplateId:928390828;,3600,86400,Approved,Mon Jun 01 09:40:16 PDT 2020,Mon Jun 01 10:15:17 PDT 2020,Tue Jun 02 10:15:17 PDT 2020,Mon Jun 01 11:12:22 PDT 2020,2101.0,100% (2/2),100% (2/2),100% (2/2)
Soprano et al,worker_140,3SL9J757T8FWABHDH1DDOZH59OG631,Misinformation - Political Statements,Classification of misinformation from political statements,"misinformation, political, news",$2.00,Mon Jun 01 05:44:49 PDT 2020,Tue Jun 16 05:44:49 PDT 2020,1,BatchId:4062037;OriginalHitTemplateId:928390828;,3600,86400,Approved,Mon Jun 01 09:40:36 PDT 2020,Mon Jun 01 10:21:17 PDT 2020,Tue Jun 02 10:21:17 PDT 2020,Mon Jun 01 11:12:21 PDT 2020,2441.0,100% (1/1),100% (1/1),100% (1/1)
Soprano et al,worker_150,3SL9J757T8FWABHDH1DDOZH59OG631,Misinformation - Political Statements,Classification of misinformation from political statements,"misinformation, political, news",$2.00,Mon Jun 01 05:44:39 PDT 2020,Tue Jun 16 05:44:39 PDT 2020,1,BatchId:4062037;OriginalHitTemplateId:928390828;,3600,86400,Approved,Mon Jun 01 09:39:57 PDT 2020,Mon Jun 01 10:23:50 PDT 2020,Tue Jun 02 10:23:50 PDT 2020,Mon Jun 01 11:12:13 PDT 2020,2633.0,100% (1/1),100% (1/1),100% (1/1)
Soprano et al,worker_55,3SL9J757T8FWABHDH1DDOZH59OG631,Misinformation - Political Statements,Classification of misinformation from political statements,"misinformation, political, news",$2.00,Mon Jun 01 05:44:40 PDT 2020,Tue Jun 16 05:44:40 PDT 2020,1,BatchId:4062037;OriginalHitTemplateId:928390828;,3600,86400,Approved,Mon Jun 01 10:03:41 PDT 2020,Mon Jun 01 10:27:17 PDT 2020,Tue Jun 02 10:27:17 PDT 2020,Mon Jun 01 11:12:18 PDT 2020,1416.0,100% (1/1),100% (1/1),100% (1/1)
Soprano et al,worker_137,3SL9J757T8FWABHDH1DDOZH59OG631,Misinformation - Political Statements,Classification of misinformation from political statements,"misinformation, political, news",$2.00,Mon Jun 01 05:44:45 PDT 2020,Tue Jun 16 05:44:45 PDT 2020,1,BatchId:4062037;OriginalHitTemplateId:928390828;,3600,86400,Approved,Mon Jun 01 10:24:25 PDT 2020,Mon Jun 01 10:31:35 PDT 2020,Tue Jun 02 10:31:35 PDT 2020,Mon Jun 01 11:12:13 PDT 2020,430.0,100% (1/1),100% (1/1),100% (1/1)
Soprano et al,worker_126,3SL9J757T8FWABHDH1DDOZH59OG631,Misinformation - Political Statements,Classification of misinformation from political statements,"misinformation, political, news",$2.00,Mon Jun 01 05:44:48 PDT 2020,Tue Jun 16 05:44:48 PDT 2020,1,BatchId:4062037;OriginalHitTemplateId:928390828;,3600,86400,Approved,Mon Jun 01 10:18:29 PDT 2020,Mon Jun 01 10:40:14 PDT 2020,Tue Jun 02 10:40:14 PDT 2020,Mon Jun 01 11:12:18 PDT 2020,1305.0,100% (1/1),100% (1/1),100% (1/1)
Soprano et al,worker_164,3SL9J757T8FWABHDH1DDOZH59OG631,Misinformation - Political Statements,Classification of misinformation from political statements,"misinformation, political, news",$2.00,Mon Jun 01 05:44:42 PDT 2020,Tue Jun 16 05:44:42 PDT 2020,1,BatchId:4062037;OriginalHitTemplateId:928390828;,3600,86400,Approved,Mon Jun 01 10:03:42 PDT 2020,Mon Jun 01 10:47:55 PDT 2020,Tue Jun 02 10:47:55 PDT 2020,Mon Jun 01 11:12:23 PDT 2020,2653.0,100% (1/1),100% (1/1),100% (1/1)
Soprano et al,worker_77,3SL9J757T8FWABHDH1DDOZH59OG631,Misinformation - Political Statements,Classification of misinformation from political statements,"misinformation, political, news",$2.00,Mon Jun 01 05:44:46 PDT 2020,Tue Jun 16 05:44:46 PDT 2020,1,BatchId:4062037;OriginalHitTemplateId:928390828;,3600,86400,Approved,Mon Jun 01 10:58:57 PDT 2020,Mon Jun 01 11:19:54 PDT 2020,Tue Jun 02 11:19:54 PDT 2020,Mon Jun 01 16:18:28 PDT 2020,1257.0,100% (1/1),100% (1/1),100% (1/1)
Soprano et al,worker_39,3SL9J757T8FWABHDH1DDOZH59OG631,Misinformation - Political Statements,Classification of misinformation from political statements,"misinformation, political, news",$2.00,Mon Jun 01 05:44:47 PDT 2020,Tue Jun 16 05:44:47 PDT 2020,1,BatchId:4062037;OriginalHitTemplateId:928390828;,3600,86400,Approved,Mon Jun 01 10:47:51 PDT 2020,Mon Jun 01 11:24:49 PDT 2020,Tue Jun 02 11:24:49 PDT 2020,Mon Jun 01 16:18:27 PDT 2020,2218.0,100% (1/1),100% (1/1),100% (1/1)
Soprano et al,worker_41,3SL9J757T8FWABHDH1DDOZH59OG631,Misinformation - Political Statements,Classification of misinformation from political statements,"misinformation, political, news",$2.00,Mon Jun 01 05:44:46 PDT 2020,Tue Jun 16 05:44:46 PDT 2020,1,BatchId:4062037;OriginalHitTemplateId:928390828;,3600,86400,Approved,Mon Jun 01 11:17:11 PDT 2020,Mon Jun 01 11:28:57 PDT 2020,Tue Jun 02 11:28:57 PDT 2020,Mon Jun 01 16:18:24 PDT 2020,706.0,100% (1/1),100% (1/1),100% (1/1)
Soprano et al,worker_162,3SL9J757T8FWABHDH1DDOZH59OG631,Misinformation - Political Statements,Classification of misinformation from political statements,"misinformation, political, news",$2.00,Mon Jun 01 05:44:46 PDT 2020,Tue Jun 16 05:44:46 PDT 2020,1,BatchId:4062037;OriginalHitTemplateId:928390828;,3600,86400,Approved,Mon Jun 01 10:58:52 PDT 2020,Mon Jun 01 11:33:02 PDT 2020,Tue Jun 02 11:33:02 PDT 2020,Mon Jun 01 16:18:22 PDT 2020,2050.0,100% (1/1),100% (1/1),100% (1/1)
Soprano et al,worker_45,3SL9J757T8FWABHDH1DDOZH59OG631,Misinformation - Political Statements,Classification of misinformation from political statements,"misinformation, political, news",$2.00,Mon Jun 01 05:44:44 PDT 2020,Tue Jun 16 05:44:44 PDT 2020,1,BatchId:4062037;OriginalHitTemplateId:928390828;,3600,86400,Approved,Mon Jun 01 10:59:16 PDT 2020,Mon Jun 01 11:35:21 PDT 2020,Tue Jun 02 11:35:21 PDT 2020,Mon Jun 01 16:18:27 PDT 2020,2165.0,100% (1/1),100% (1/1),100% (1/1)
Soprano et al,worker_169,3SL9J757T8FWABHDH1DDOZH59OG631,Misinformation - Political Statements,Classification of misinformation from political statements,"misinformation, political, news",$2.00,Mon Jun 01 05:44:49 PDT 2020,Tue Jun 16 05:44:49 PDT 2020,1,BatchId:4062037;OriginalHitTemplateId:928390828;,3600,86400,Approved,Mon Jun 01 11:06:22 PDT 2020,Mon Jun 01 11:49:51 PDT 2020,Tue Jun 02 11:49:51 PDT 2020,Mon Jun 01 16:18:19 PDT 2020,2609.0,100% (1/1),100% (1/1),100% (1/1)
Soprano et al,worker_95,3SL9J757T8FWABHDH1DDOZH59OG631,Misinformation - Political Statements,Classification of misinformation from political statements,"misinformation, political, news",$2.00,Mon Jun 01 05:44:40 PDT 2020,Tue Jun 16 05:44:40 PDT 2020,1,BatchId:4062037;OriginalHitTemplateId:928390828;,3600,86400,Approved,Mon Jun 01 11:56:44 PDT 2020,Mon Jun 01 12:20:20 PDT 2020,Tue Jun 02 12:20:20 PDT 2020,Mon Jun 01 16:18:19 PDT 2020,1416.0,100% (1/1),100% (1/1),100% (1/1)
Soprano et al,worker_73,3SL9J757T8FWABHDH1DDOZH59OG631,Misinformation - Political Statements,Classification of misinformation from political statements,"misinformation, political, news",$2.00,Mon Jun 01 05:44:44 PDT 2020,Tue Jun 16 05:44:44 PDT 2020,1,BatchId:4062037;OriginalHitTemplateId:928390828;,3600,86400,Approved,Mon Jun 01 11:48:19 PDT 2020,Mon Jun 01 12:37:48 PDT 2020,Tue Jun 02 12:37:48 PDT 2020,Mon Jun 01 16:18:23 PDT 2020,2969.0,100% (1/1),100% (1/1),100% (1/1)
Soprano et al,worker_104,3SL9J757T8FWABHDH1DDOZH59OG631,Misinformation - Political Statements,Classification of misinformation from political statements,"misinformation, political, news",$2.00,Mon Jun 01 05:44:49 PDT 2020,Tue Jun 16 05:44:49 PDT 2020,1,BatchId:4062037;OriginalHitTemplateId:928390828;,3600,86400,Approved,Mon Jun 01 12:42:38 PDT 2020,Mon Jun 01 13:01:51 PDT 2020,Tue Jun 02 13:01:51 PDT 2020,Mon Jun 01 16:18:21 PDT 2020,1153.0,100% (1/1),100% (1/1),100% (1/1)
Soprano et al,worker_107,3SL9J757T8FWABHDH1DDOZH59OG631,Misinformation - Political Statements,Classification of misinformation from political statements,"misinformation, political, news",$2.00,Mon Jun 01 05:44:45 PDT 2020,Tue Jun 16 05:44:45 PDT 2020,1,BatchId:4062037;OriginalHitTemplateId:928390828;,3600,86400,Approved,Mon Jun 01 12:31:24 PDT 2020,Mon Jun 01 13:08:05 PDT 2020,Tue Jun 02 13:08:05 PDT 2020,Mon Jun 01 16:18:28 PDT 2020,2201.0,100% (1/1),100% (1/1),100% (1/1)
Soprano et al,worker_161,3SL9J757T8FWABHDH1DDOZH59OG631,Misinformation - Political Statements,Classification of misinformation from political statements,"misinformation, political, news",$2.00,Mon Jun 01 05:44:45 PDT 2020,Tue Jun 16 05:44:45 PDT 2020,1,BatchId:4062037;OriginalHitTemplateId:928390828;,3600,86400,Approved,Mon Jun 01 12:53:14 PDT 2020,Mon Jun 01 13:09:22 PDT 2020,Tue Jun 02 13:09:22 PDT 2020,Mon Jun 01 16:18:27 PDT 2020,968.0,100% (1/1),100% (1/1),100% (1/1)
Soprano et al,worker_89,3SL9J757T8FWABHDH1DDOZH59OG631,Misinformation - Political Statements,Classification of misinformation from political statements,"misinformation, political, news",$2.00,Mon Jun 01 05:44:42 PDT 2020,Tue Jun 16 05:44:42 PDT 2020,1,BatchId:4062037;OriginalHitTemplateId:928390828;,3600,86400,Approved,Mon Jun 01 12:41:09 PDT 2020,Mon Jun 01 13:17:30 PDT 2020,Tue Jun 02 13:17:30 PDT 2020,Mon Jun 01 16:18:20 PDT 2020,2181.0,100% (1/1),100% (1/1),100% (1/1)
Soprano et al,worker_84,3SL9J757T8FWABHDH1DDOZH59OG631,Misinformation - Political Statements,Classification of misinformation from political statements,"misinformation, political, news",$2.00,Mon Jun 01 05:44:41 PDT 2020,Tue Jun 16 05:44:41 PDT 2020,1,BatchId:4062037;OriginalHitTemplateId:928390828;,3600,86400,Approved,Mon Jun 01 12:36:07 PDT 2020,Mon Jun 01 13:26:35 PDT 2020,Tue Jun 02 13:26:35 PDT 2020,Mon Jun 01 16:18:26 PDT 2020,3028.0,100% (1/1),100% (1/1),100% (1/1)
Soprano et al,worker_199,3SL9J757T8FWABHDH1DDOZH59OG631,Misinformation - Political Statements,Classification of misinformation from political statements,"misinformation, political, news",$2.00,Mon Jun 01 05:44:49 PDT 2020,Tue Jun 16 05:44:49 PDT 2020,1,BatchId:4062037;OriginalHitTemplateId:928390828;,3600,86400,Approved,Mon Jun 01 12:40:08 PDT 2020,Mon Jun 01 13:27:47 PDT 2020,Tue Jun 02 13:27:47 PDT 2020,Mon Jun 01 16:18:20 PDT 2020,2859.0,100% (1/1),100% (1/1),100% (1/1)
Soprano et al,worker_15,3SL9J757T8FWABHDH1DDOZH59OG631,Misinformation - Political Statements,Classification of misinformation from political statements,"misinformation, political, news",$2.00,Mon Jun 01 05:44:48 PDT 2020,Tue Jun 16 05:44:48 PDT 2020,1,BatchId:4062037;OriginalHitTemplateId:928390828;,3600,86400,Approved,Mon Jun 01 13:23:30 PDT 2020,Mon Jun 01 13:54:14 PDT 2020,Tue Jun 02 13:54:14 PDT 2020,Mon Jun 01 16:18:26 PDT 2020,1844.0,100% (1/1),100% (1/1),100% (1/1)
Soprano et al,worker_127,3SL9J757T8FWABHDH1DDOZH59OG631,Misinformation - Political Statements,Classification of misinformation from political statements,"misinformation, political, news",$2.00,Mon Jun 01 05:44:41 PDT 2020,Tue Jun 16 05:44:41 PDT 2020,1,BatchId:4062037;OriginalHitTemplateId:928390828;,3600,86400,Approved,Mon Jun 01 13:46:23 PDT 2020,Mon Jun 01 14:03:35 PDT 2020,Tue Jun 02 14:03:35 PDT 2020,Mon Jun 01 16:18:18 PDT 2020,1032.0,100% (1/1),100% (1/1),100% (1/1)
Soprano et al,worker_56,3SL9J757T8FWABHDH1DDOZH59OG631,Misinformation - Political Statements,Classification of misinformation from political statements,"misinformation, political, news",$2.00,Mon Jun 01 05:44:46 PDT 2020,Tue Jun 16 05:44:46 PDT 2020,1,BatchId:4062037;OriginalHitTemplateId:928390828;,3600,86400,Approved,Mon Jun 01 13:47:44 PDT 2020,Mon Jun 01 14:04:03 PDT 2020,Tue Jun 02 14:04:03 PDT 2020,Mon Jun 01 16:18:21 PDT 2020,979.0,100% (1/1),100% (1/1),100% (1/1)
Soprano et al,worker_68,3SL9J757T8FWABHDH1DDOZH59OG631,Misinformation - Political Statements,Classification of misinformation from political statements,"misinformation, political, news",$2.00,Mon Jun 01 05:44:46 PDT 2020,Tue Jun 16 05:44:46 PDT 2020,1,BatchId:4062037;OriginalHitTemplateId:928390828;,3600,86400,Approved,Mon Jun 01 13:36:36 PDT 2020,Mon Jun 01 14:04:12 PDT 2020,Tue Jun 02 14:04:12 PDT 2020,Mon Jun 01 16:18:22 PDT 2020,1656.0,100% (1/1),100% (1/1),100% (1/1)
Soprano et al,worker_76,3SL9J757T8FWABHDH1DDOZH59OG631,Misinformation - Political Statements,Classification of misinformation from political statements,"misinformation, political, news",$2.00,Mon Jun 01 05:44:48 PDT 2020,Tue Jun 16 05:44:48 PDT 2020,1,BatchId:4062037;OriginalHitTemplateId:928390828;,3600,86400,Approved,Mon Jun 01 13:30:12 PDT 2020,Mon Jun 01 14:04:13 PDT 2020,Tue Jun 02 14:04:13 PDT 2020,Mon Jun 01 16:18:19 PDT 2020,2041.0,100% (1/1),100% (1/1),100% (1/1)
Soprano et al,worker_38,3SL9J757T8FWABHDH1DDOZH59OG631,Misinformation - Political Statements,Classification of misinformation from political statements,"misinformation, political, news",$2.00,Mon Jun 01 05:44:46 PDT 2020,Tue Jun 16 05:44:46 PDT 2020,1,BatchId:4062037;OriginalHitTemplateId:928390828;,3600,86400,Approved,Mon Jun 01 13:48:18 PDT 2020,Mon Jun 01 14:22:02 PDT 2020,Tue Jun 02 14:22:02 PDT 2020,Mon Jun 01 16:18:22 PDT 2020,2024.0,100% (1/1),100% (1/1),100% (1/1)
Soprano et al,worker_14,3SL9J757T8FWABHDH1DDOZH59OG631,Misinformation - Political Statements,Classification of misinformation from political statements,"misinformation, political, news",$2.00,Mon Jun 01 05:44:47 PDT 2020,Tue Jun 16 05:44:47 PDT 2020,1,BatchId:4062037;OriginalHitTemplateId:928390828;,3600,86400,Approved,Mon Jun 01 13:35:38 PDT 2020,Mon Jun 01 14:34:15 PDT 2020,Tue Jun 02 14:34:15 PDT 2020,Mon Jun 01 16:18:21 PDT 2020,3517.0,100% (1/1),100% (1/1),100% (1/1)
Soprano et al,worker_194,3SL9J757T8FWABHDH1DDOZH59OG631,Misinformation - Political Statements,Classification of misinformation from political statements,"misinformation, political, news",$2.00,Mon Jun 01 05:44:42 PDT 2020,Tue Jun 16 05:44:42 PDT 2020,1,BatchId:4062037;OriginalHitTemplateId:928390828;,3600,86400,Approved,Mon Jun 01 14:06:08 PDT 2020,Mon Jun 01 14:49:47 PDT 2020,Tue Jun 02 14:49:47 PDT 2020,Mon Jun 01 16:18:22 PDT 2020,2619.0,100% (1/1),100% (1/1),100% (1/1)
Soprano et al,worker_13,3SL9J757T8FWABHDH1DDOZH59OG631,Misinformation - Political Statements,Classification of misinformation from political statements,"misinformation, political, news",$2.00,Mon Jun 01 05:44:43 PDT 2020,Tue Jun 16 05:44:43 PDT 2020,1,BatchId:4062037;OriginalHitTemplateId:928390828;,3600,86400,Approved,Mon Jun 01 14:36:07 PDT 2020,Mon Jun 01 15:00:23 PDT 2020,Tue Jun 02 15:00:23 PDT 2020,Mon Jun 01 16:18:25 PDT 2020,1456.0,100% (1/1),100% (1/1),100% (1/1)
Soprano et al,worker_106,3SL9J757T8FWABHDH1DDOZH59OG631,Misinformation - Political Statements,Classification of misinformation from political statements,"misinformation, political, news",$2.00,Mon Jun 01 05:44:44 PDT 2020,Tue Jun 16 05:44:44 PDT 2020,1,BatchId:4062037;OriginalHitTemplateId:928390828;,3600,86400,Approved,Mon Jun 01 14:42:22 PDT 2020,Mon Jun 01 15:15:22 PDT 2020,Tue Jun 02 15:15:22 PDT 2020,Mon Jun 01 16:18:18 PDT 2020,1980.0,100% (1/1),100% (1/1),100% (1/1)
Soprano et al,worker_176,3SL9J757T8FWABHDH1DDOZH59OG631,Misinformation - Political Statements,Classification of misinformation from political statements,"misinformation, political, news",$2.00,Mon Jun 01 05:44:40 PDT 2020,Tue Jun 16 05:44:40 PDT 2020,1,BatchId:4062037;OriginalHitTemplateId:928390828;,3600,86400,Approved,Mon Jun 01 15:06:12 PDT 2020,Mon Jun 01 15:30:30 PDT 2020,Tue Jun 02 15:30:30 PDT 2020,Mon Jun 01 16:18:23 PDT 2020,1458.0,100% (1/1),100% (1/1),100% (1/1)
Soprano et al,worker_43,3SL9J757T8FWABHDH1DDOZH59OG631,Misinformation - Political Statements,Classification of misinformation from political statements,"misinformation, political, news",$2.00,Mon Jun 01 05:44:44 PDT 2020,Tue Jun 16 05:44:44 PDT 2020,1,BatchId:4062037;OriginalHitTemplateId:928390828;,3600,86400,Approved,Mon Jun 01 15:20:23 PDT 2020,Mon Jun 01 15:44:25 PDT 2020,Tue Jun 02 15:44:25 PDT 2020,Mon Jun 01 16:18:25 PDT 2020,1442.0,100% (1/1),100% (1/1),100% (1/1)
Soprano et al,worker_100,3SL9J757T8FWABHDH1DDOZH59OG631,Misinformation - Political Statements,Classification of misinformation from political statements,"misinformation, political, news",$2.00,Mon Jun 01 05:44:47 PDT 2020,Tue Jun 16 05:44:47 PDT 2020,1,BatchId:4062037;OriginalHitTemplateId:928390828;,3600,86400,Approved,Mon Jun 01 15:21:39 PDT 2020,Mon Jun 01 15:48:07 PDT 2020,Tue Jun 02 15:48:07 PDT 2020,Mon Jun 01 16:18:20 PDT 2020,1588.0,100% (1/1),100% (1/1),100% (1/1)
Soprano et al,worker_180,3SL9J757T8FWABHDH1DDOZH59OG631,Misinformation - Political Statements,Classification of misinformation from political statements,"misinformation, political, news",$2.00,Mon Jun 01 05:44:44 PDT 2020,Tue Jun 16 05:44:44 PDT 2020,1,BatchId:4062037;OriginalHitTemplateId:928390828;,3600,86400,Approved,Mon Jun 01 15:38:47 PDT 2020,Mon Jun 01 15:52:52 PDT 2020,Tue Jun 02 15:52:52 PDT 2020,Mon Jun 01 16:18:27 PDT 2020,845.0,100% (1/1),100% (1/1),100% (1/1)
Soprano et al,worker_3,3SL9J757T8FWABHDH1DDOZH59OG631,Misinformation - Political Statements,Classification of misinformation from political statements,"misinformation, political, news",$2.00,Mon Jun 01 05:44:40 PDT 2020,Tue Jun 16 05:44:40 PDT 2020,1,BatchId:4062037;OriginalHitTemplateId:928390828;,3600,86400,Approved,Mon Jun 01 15:40:20 PDT 2020,Mon Jun 01 15:58:06 PDT 2020,Tue Jun 02 15:58:06 PDT 2020,Mon Jun 01 16:18:23 PDT 2020,1066.0,100% (1/1),100% (1/1),100% (1/1)
Soprano et al,worker_75,3SL9J757T8FWABHDH1DDOZH59OG631,Misinformation - Political Statements,Classification of misinformation from political statements,"misinformation, political, news",$2.00,Mon Jun 01 05:44:44 PDT 2020,Tue Jun 16 05:44:44 PDT 2020,1,BatchId:4062037;OriginalHitTemplateId:928390828;,3600,86400,Approved,Mon Jun 01 15:41:55 PDT 2020,Mon Jun 01 15:58:33 PDT 2020,Tue Jun 02 15:58:33 PDT 2020,Mon Jun 01 16:18:19 PDT 2020,998.0,100% (1/1),100% (1/1),100% (1/1)
Soprano et al,worker_132,3SL9J757T8FWABHDH1DDOZH59OG631,Misinformation - Political Statements,Classification of misinformation from political statements,"misinformation, political, news",$2.00,Mon Jun 01 05:44:44 PDT 2020,Tue Jun 16 05:44:44 PDT 2020,1,BatchId:4062037;OriginalHitTemplateId:928390828;,3600,86400,Approved,Mon Jun 01 15:35:21 PDT 2020,Mon Jun 01 16:01:32 PDT 2020,Tue Jun 02 16:01:32 PDT 2020,Mon Jun 01 16:18:25 PDT 2020,1571.0,100% (1/1),100% (1/1),100% (1/1)
Soprano et al,worker_109,3SL9J757T8FWABHDH1DDOZH59OG631,Misinformation - Political Statements,Classification of misinformation from political statements,"misinformation, political, news",$2.00,Mon Jun 01 05:44:42 PDT 2020,Tue Jun 16 05:44:42 PDT 2020,1,BatchId:4062037;OriginalHitTemplateId:928390828;,3600,86400,Approved,Mon Jun 01 15:37:59 PDT 2020,Mon Jun 01 16:02:43 PDT 2020,Tue Jun 02 16:02:43 PDT 2020,Mon Jun 01 16:18:18 PDT 2020,1484.0,100% (1/1),100% (1/1),100% (1/1)
Soprano et al,worker_200,3SL9J757T8FWABHDH1DDOZH59OG631,Misinformation - Political Statements,Classification of misinformation from political statements,"misinformation, political, news",$2.00,Mon Jun 01 05:44:48 PDT 2020,Tue Jun 16 05:44:48 PDT 2020,1,BatchId:4062037;OriginalHitTemplateId:928390828;,3600,86400,Approved,Mon Jun 01 15:30:00 PDT 2020,Mon Jun 01 16:05:32 PDT 2020,Tue Jun 02 16:05:32 PDT 2020,Mon Jun 01 16:18:24 PDT 2020,2132.0,100% (1/1),100% (1/1),100% (1/1)
Soprano et al,worker_8,3SL9J757T8FWABHDH1DDOZH59OG631,Misinformation - Political Statements,Classification of misinformation from political statements,"misinformation, political, news",$2.00,Mon Jun 01 05:44:49 PDT 2020,Tue Jun 16 05:44:49 PDT 2020,1,BatchId:4062037;OriginalHitTemplateId:928390828;,3600,86400,Approved,Mon Jun 01 15:37:06 PDT 2020,Mon Jun 01 16:05:57 PDT 2020,Tue Jun 02 16:05:57 PDT 2020,Mon Jun 01 16:18:25 PDT 2020,1731.0,100% (1/1),100% (1/1),100% (1/1)
Soprano et al,worker_91,3SL9J757T8FWABHDH1DDOZH59OG631,Misinformation - Political Statements,Classification of misinformation from political statements,"misinformation, political, news",$2.00,Mon Jun 01 05:44:41 PDT 2020,Tue Jun 16 05:44:41 PDT 2020,1,BatchId:4062037;OriginalHitTemplateId:928390828;,3600,86400,Approved,Mon Jun 01 15:41:25 PDT 2020,Mon Jun 01 16:08:06 PDT 2020,Tue Jun 02 16:08:06 PDT 2020,Mon Jun 01 16:18:25 PDT 2020,1601.0,100% (1/1),100% (1/1),100% (1/1)
Soprano et al,worker_144,3SL9J757T8FWABHDH1DDOZH59OG631,Misinformation - Political Statements,Classification of misinformation from political statements,"misinformation, political, news",$2.00,Mon Jun 01 05:44:44 PDT 2020,Tue Jun 16 05:44:44 PDT 2020,1,BatchId:4062037;OriginalHitTemplateId:928390828;,3600,86400,Approved,Mon Jun 01 15:56:19 PDT 2020,Mon Jun 01 16:16:01 PDT 2020,Tue Jun 02 16:16:01 PDT 2020,Mon Jun 01 16:18:21 PDT 2020,1182.0,100% (1/1),100% (1/1),100% (1/1)
Soprano et al,worker_87,3SL9J757T8FWABHDH1DDOZH59OG631,Misinformation - Political Statements,Classification of misinformation from political statements,"misinformation, political, news",$2.00,Mon Jun 01 05:44:40 PDT 2020,Tue Jun 16 05:44:40 PDT 2020,1,BatchId:4062037;OriginalHitTemplateId:928390828;,3600,86400,Approved,Mon Jun 01 15:44:41 PDT 2020,Mon Jun 01 16:18:08 PDT 2020,Tue Jun 02 16:18:08 PDT 2020,Mon Jun 01 16:18:50 PDT 2020,2007.0,100% (1/1),100% (1/1),100% (1/1)
Soprano et al,worker_119,3SL9J757T8FWABHDH1DDOZH59OG631,Misinformation - Political Statements,Classification of misinformation from political statements,"misinformation, political, news",$2.00,Mon Jun 01 05:44:46 PDT 2020,Tue Jun 16 05:44:46 PDT 2020,1,BatchId:4062037;OriginalHitTemplateId:928390828;,3600,86400,Approved,Mon Jun 01 16:04:06 PDT 2020,Mon Jun 01 16:22:52 PDT 2020,Tue Jun 02 16:22:52 PDT 2020,Tue Jun 02 16:23:37 PDT 2020,1126.0,100% (1/1),100% (1/1),100% (1/1)
Soprano et al,worker_128,3SL9J757T8FWABHDH1DDOZH59OG631,Misinformation - Political Statements,Classification of misinformation from political statements,"misinformation, political, news",$2.00,Mon Jun 01 05:44:41 PDT 2020,Tue Jun 16 05:44:41 PDT 2020,1,BatchId:4062037;OriginalHitTemplateId:928390828;,3600,86400,Approved,Mon Jun 01 16:04:24 PDT 2020,Mon Jun 01 16:41:46 PDT 2020,Tue Jun 02 16:41:46 PDT 2020,Tue Jun 02 16:42:37 PDT 2020,2242.0,100% (1/1),100% (1/1),100% (1/1)
Soprano et al,worker_19,3SL9J757T8FWABHDH1DDOZH59OG631,Misinformation - Political Statements,Classification of misinformation from political statements,"misinformation, political, news",$2.00,Mon Jun 01 05:44:43 PDT 2020,Tue Jun 16 05:44:43 PDT 2020,1,BatchId:4062037;OriginalHitTemplateId:928390828;,3600,86400,Approved,Mon Jun 01 16:15:44 PDT 2020,Mon Jun 01 16:52:49 PDT 2020,Tue Jun 02 16:52:49 PDT 2020,Tue Jun 02 16:53:37 PDT 2020,2225.0,100% (1/1),100% (1/1),100% (1/1)
Soprano et al,worker_184,3SL9J757T8FWABHDH1DDOZH59OG631,Misinformation - Political Statements,Classification of misinformation from political statements,"misinformation, political, news",$2.00,Mon Jun 01 05:44:49 PDT 2020,Tue Jun 16 05:44:49 PDT 2020,1,BatchId:4062037;OriginalHitTemplateId:928390828;,3600,86400,Approved,Mon Jun 01 16:38:58 PDT 2020,Mon Jun 01 16:58:38 PDT 2020,Tue Jun 02 16:58:38 PDT 2020,Tue Jun 02 16:59:37 PDT 2020,1180.0,100% (1/1),100% (1/1),100% (1/1)
Soprano et al,worker_46,3SL9J757T8FWABHDH1DDOZH59OG631,Misinformation - Political Statements,Classification of misinformation from political statements,"misinformation, political, news",$2.00,Mon Jun 01 05:44:42 PDT 2020,Tue Jun 16 05:44:42 PDT 2020,1,BatchId:4062037;OriginalHitTemplateId:928390828;,3600,86400,Approved,Mon Jun 01 16:46:57 PDT 2020,Mon Jun 01 17:05:05 PDT 2020,Tue Jun 02 17:05:05 PDT 2020,Tue Jun 02 17:05:37 PDT 2020,1088.0,100% (1/1),100% (1/1),100% (1/1)
Soprano et al,worker_129,3SL9J757T8FWABHDH1DDOZH59OG631,Misinformation - Political Statements,Classification of misinformation from political statements,"misinformation, political, news",$2.00,Mon Jun 01 05:44:46 PDT 2020,Tue Jun 16 05:44:46 PDT 2020,1,BatchId:4062037;OriginalHitTemplateId:928390828;,3600,86400,Approved,Mon Jun 01 16:50:45 PDT 2020,Mon Jun 01 17:10:22 PDT 2020,Tue Jun 02 17:10:22 PDT 2020,Tue Jun 02 17:10:37 PDT 2020,1177.0,100% (1/1),100% (1/1),100% (1/1)
Soprano et al,worker_96,3SL9J757T8FWABHDH1DDOZH59OG631,Misinformation - Political Statements,Classification of misinformation from political statements,"misinformation, political, news",$2.00,Mon Jun 01 05:44:41 PDT 2020,Tue Jun 16 05:44:41 PDT 2020,1,BatchId:4062037;OriginalHitTemplateId:928390828;,3600,86400,Approved,Mon Jun 01 16:35:48 PDT 2020,Mon Jun 01 17:18:08 PDT 2020,Tue Jun 02 17:18:08 PDT 2020,Tue Jun 02 17:18:37 PDT 2020,2540.0,100% (1/1),100% (1/1),100% (1/1)
Soprano et al,worker_70,3SL9J757T8FWABHDH1DDOZH59OG631,Misinformation - Political Statements,Classification of misinformation from political statements,"misinformation, political, news",$2.00,Mon Jun 01 05:44:40 PDT 2020,Tue Jun 16 05:44:40 PDT 2020,1,BatchId:4062037;OriginalHitTemplateId:928390828;,3600,86400,Approved,Mon Jun 01 16:51:39 PDT 2020,Mon Jun 01 17:19:52 PDT 2020,Tue Jun 02 17:19:52 PDT 2020,Tue Jun 02 17:20:37 PDT 2020,1693.0,100% (1/1),100% (1/1),100% (1/1)
Soprano et al,worker_9,3SL9J757T8FWABHDH1DDOZH59OG631,Misinformation - Political Statements,Classification of misinformation from political statements,"misinformation, political, news",$2.00,Mon Jun 01 05:44:45 PDT 2020,Tue Jun 16 05:44:45 PDT 2020,1,BatchId:4062037;OriginalHitTemplateId:928390828;,3600,86400,Approved,Mon Jun 01 17:01:52 PDT 2020,Mon Jun 01 17:30:42 PDT 2020,Tue Jun 02 17:30:42 PDT 2020,Tue Jun 02 17:31:37 PDT 2020,1730.0,100% (1/1),100% (1/1),100% (1/1)
Soprano et al,worker_53,3SL9J757T8FWABHDH1DDOZH59OG631,Misinformation - Political Statements,Classification of misinformation from political statements,"misinformation, political, news",$2.00,Mon Jun 01 05:44:47 PDT 2020,Tue Jun 16 05:44:47 PDT 2020,1,BatchId:4062037;OriginalHitTemplateId:928390828;,3600,86400,Approved,Mon Jun 01 17:23:44 PDT 2020,Mon Jun 01 18:00:17 PDT 2020,Tue Jun 02 18:00:17 PDT 2020,Tue Jun 02 18:00:37 PDT 2020,2193.0,100% (1/1),100% (1/1),100% (1/1)
Soprano et al,worker_186,3SL9J757T8FWABHDH1DDOZH59OG631,Misinformation - Political Statements,Classification of misinformation from political statements,"misinformation, political, news",$2.00,Mon Jun 01 05:44:49 PDT 2020,Tue Jun 16 05:44:49 PDT 2020,1,BatchId:4062037;OriginalHitTemplateId:928390828;,3600,86400,Approved,Mon Jun 01 18:48:29 PDT 2020,Mon Jun 01 19:05:49 PDT 2020,Tue Jun 02 19:05:49 PDT 2020,Tue Jun 02 19:06:37 PDT 2020,1040.0,100% (1/1),100% (1/1),100% (1/1)
Soprano et al,worker_139,3SL9J757T8FWABHDH1DDOZH59OG631,Misinformation - Political Statements,Classification of misinformation from political statements,"misinformation, political, news",$2.00,Mon Jun 08 05:38:20 PDT 2020,Tue Jun 23 05:38:20 PDT 2020,1,BatchId:4071249;OriginalHitTemplateId:928390828;,3600,86400,Approved,Mon Jun 08 09:10:14 PDT 2020,Mon Jun 08 09:48:41 PDT 2020,Tue Jun 09 09:48:41 PDT 2020,Mon Jun 08 09:49:52 PDT 2020,2307.0,100% (1/1),100% (1/1),100% (1/1)
Soprano et al,worker_49,3SL9J757T8FWABHDH1DDOZH59OG631,Misinformation - Political Statements,Classification of misinformation from political statements,"misinformation, political, news",$2.00,Thu Jun 04 03:09:31 PDT 2020,Fri Jun 19 03:09:31 PDT 2020,1,BatchId:4066386;OriginalHitTemplateId:928390828;,3600,86400,Approved,Sat Jun 06 03:05:19 PDT 2020,Sat Jun 06 03:40:08 PDT 2020,Sun Jun 07 03:40:08 PDT 2020,Sun Jun 07 03:40:26 PDT 2020,2089.0,100% (1/1),100% (1/1),100% (1/1)
Soprano et al,worker_71,3SL9J757T8FWABHDH1DDOZH59OG631,Misinformation - Political Statements,Classification of misinformation from political statements,"misinformation, political, news",$2.00,Thu Jun 04 03:09:29 PDT 2020,Fri Jun 19 03:09:29 PDT 2020,1,BatchId:4066386;OriginalHitTemplateId:928390828;,3600,86400,Approved,Thu Jun 04 03:10:55 PDT 2020,Thu Jun 04 03:25:47 PDT 2020,Fri Jun 05 03:25:47 PDT 2020,Fri Jun 05 01:02:20 PDT 2020,892.0,100% (1/1),100% (1/1),100% (1/1)
Soprano et al,worker_133,3SL9J757T8FWABHDH1DDOZH59OG631,Misinformation - Political Statements,Classification of misinformation from political statements,"misinformation, political, news",$2.00,Thu Jun 04 03:09:32 PDT 2020,Fri Jun 19 03:09:32 PDT 2020,1,BatchId:4066386;OriginalHitTemplateId:928390828;,3600,86400,Approved,Thu Jun 04 03:09:49 PDT 2020,Thu Jun 04 03:32:23 PDT 2020,Fri Jun 05 03:32:23 PDT 2020,Fri Jun 05 01:02:19 PDT 2020,1354.0,100% (1/1),100% (1/1),100% (1/1)
Soprano et al,worker_94,3SL9J757T8FWABHDH1DDOZH59OG631,Misinformation - Political Statements,Classification of misinformation from political statements,"misinformation, political, news",$2.00,Thu Jun 04 03:09:28 PDT 2020,Fri Jun 19 03:09:28 PDT 2020,1,BatchId:4066386;OriginalHitTemplateId:928390828;,3600,86400,Approved,Thu Jun 04 03:09:57 PDT 2020,Thu Jun 04 03:33:49 PDT 2020,Fri Jun 05 03:33:49 PDT 2020,Fri Jun 05 01:02:18 PDT 2020,1432.0,100% (1/1),100% (1/1),100% (1/1)
Soprano et al,worker_167,3SL9J757T8FWABHDH1DDOZH59OG631,Misinformation - Political Statements,Classification of misinformation from political statements,"misinformation, political, news",$2.00,Thu Jun 04 03:09:28 PDT 2020,Fri Jun 19 03:09:28 PDT 2020,1,BatchId:4066386;OriginalHitTemplateId:928390828;,3600,86400,Approved,Thu Jun 04 03:09:55 PDT 2020,Thu Jun 04 03:35:29 PDT 2020,Fri Jun 05 03:35:29 PDT 2020,Fri Jun 05 01:02:15 PDT 2020,1534.0,100% (1/1),100% (1/1),100% (1/1)
Soprano et al,worker_90,3SL9J757T8FWABHDH1DDOZH59OG631,Misinformation - Political Statements,Classification of misinformation from political statements,"misinformation, political, news",$2.00,Thu Jun 04 03:09:31 PDT 2020,Fri Jun 19 03:09:31 PDT 2020,1,BatchId:4066386;OriginalHitTemplateId:928390828;,3600,86400,Approved,Thu Jun 04 03:14:22 PDT 2020,Thu Jun 04 03:35:49 PDT 2020,Fri Jun 05 03:35:49 PDT 2020,Fri Jun 05 01:02:12 PDT 2020,1287.0,100% (1/1),100% (1/1),100% (1/1)
Soprano et al,worker_36,3SL9J757T8FWABHDH1DDOZH59OG631,Misinformation - Political Statements,Classification of misinformation from political statements,"misinformation, political, news",$2.00,Thu Jun 04 03:09:29 PDT 2020,Fri Jun 19 03:09:29 PDT 2020,1,BatchId:4066386;OriginalHitTemplateId:928390828;,3600,86400,Approved,Thu Jun 04 03:18:31 PDT 2020,Thu Jun 04 03:36:38 PDT 2020,Fri Jun 05 03:36:38 PDT 2020,Fri Jun 05 01:02:29 PDT 2020,1087.0,100% (1/1),100% (1/1),100% (1/1)
Soprano et al,worker_47,3SL9J757T8FWABHDH1DDOZH59OG631,Misinformation - Political Statements,Classification of misinformation from political statements,"misinformation, political, news",$2.00,Thu Jun 04 03:09:29 PDT 2020,Fri Jun 19 03:09:29 PDT 2020,1,BatchId:4066386;OriginalHitTemplateId:928390828;,3600,86400,Approved,Thu Jun 04 03:10:35 PDT 2020,Thu Jun 04 03:38:16 PDT 2020,Fri Jun 05 03:38:16 PDT 2020,Fri Jun 05 01:02:17 PDT 2020,1661.0,100% (1/1),100% (1/1),100% (1/1)
Soprano et al,worker_27,3SL9J757T8FWABHDH1DDOZH59OG631,Misinformation - Political Statements,Classification of misinformation from political statements,"misinformation, political, news",$2.00,Thu Jun 04 03:09:32 PDT 2020,Fri Jun 19 03:09:32 PDT 2020,1,BatchId:4066386;OriginalHitTemplateId:928390828;,3600,86400,Approved,Thu Jun 04 03:10:56 PDT 2020,Thu Jun 04 03:41:10 PDT 2020,Fri Jun 05 03:41:10 PDT 2020,Fri Jun 05 01:02:25 PDT 2020,1814.0,100% (1/1),100% (1/1),100% (1/1)
Soprano et al,worker_103,3SL9J757T8FWABHDH1DDOZH59OG631,Misinformation - Political Statements,Classification of misinformation from political statements,"misinformation, political, news",$2.00,Thu Jun 04 03:09:30 PDT 2020,Fri Jun 19 03:09:30 PDT 2020,1,BatchId:4066386;OriginalHitTemplateId:928390828;,3600,86400,Approved,Thu Jun 04 03:10:10 PDT 2020,Thu Jun 04 03:45:02 PDT 2020,Fri Jun 05 03:45:02 PDT 2020,Fri Jun 05 01:02:12 PDT 2020,2092.0,100% (1/1),100% (1/1),100% (1/1)
Soprano et al,worker_50,3SL9J757T8FWABHDH1DDOZH59OG631,Misinformation - Political Statements,Classification of misinformation from political statements,"misinformation, political, news",$2.00,Thu Jun 04 03:09:31 PDT 2020,Fri Jun 19 03:09:31 PDT 2020,1,BatchId:4066386;OriginalHitTemplateId:928390828;,3600,86400,Approved,Thu Jun 04 03:10:27 PDT 2020,Thu Jun 04 03:48:55 PDT 2020,Fri Jun 05 03:48:55 PDT 2020,Fri Jun 05 01:02:16 PDT 2020,2308.0,100% (1/1),100% (1/1),100% (1/1)
Soprano et al,worker_138,3SL9J757T8FWABHDH1DDOZH59OG631,Misinformation - Political Statements,Classification of misinformation from political statements,"misinformation, political, news",$2.00,Thu Jun 04 03:09:30 PDT 2020,Fri Jun 19 03:09:30 PDT 2020,1,BatchId:4066386;OriginalHitTemplateId:928390828;,3600,86400,Approved,Thu Jun 04 03:14:34 PDT 2020,Thu Jun 04 03:49:42 PDT 2020,Fri Jun 05 03:49:42 PDT 2020,Fri Jun 05 01:02:17 PDT 2020,2108.0,100% (1/1),100% (1/1),100% (1/1)
Soprano et al,worker_147,3SL9J757T8FWABHDH1DDOZH59OG631,Misinformation - Political Statements,Classification of misinformation from political statements,"misinformation, political, news",$2.00,Thu Jun 04 03:09:29 PDT 2020,Fri Jun 19 03:09:29 PDT 2020,1,BatchId:4066386;OriginalHitTemplateId:928390828;,3600,86400,Approved,Thu Jun 04 03:10:26 PDT 2020,Thu Jun 04 04:02:34 PDT 2020,Fri Jun 05 04:02:34 PDT 2020,Fri Jun 05 01:02:27 PDT 2020,3128.0,100% (1/1),100% (1/1),100% (1/1)
Soprano et al,worker_66,3SL9J757T8FWABHDH1DDOZH59OG631,Misinformation - Political Statements,Classification of misinformation from political statements,"misinformation, political, news",$2.00,Thu Jun 04 03:09:30 PDT 2020,Fri Jun 19 03:09:30 PDT 2020,1,BatchId:4066386;OriginalHitTemplateId:928390828;,3600,86400,Approved,Thu Jun 04 03:16:47 PDT 2020,Thu Jun 04 04:03:13 PDT 2020,Fri Jun 05 04:03:13 PDT 2020,Fri Jun 05 01:02:21 PDT 2020,2786.0,100% (1/1),100% (1/1),100% (1/1)
Soprano et al,worker_154,3SL9J757T8FWABHDH1DDOZH59OG631,Misinformation - Political Statements,Classification of misinformation from political statements,"misinformation, political, news",$2.00,Thu Jun 04 03:09:30 PDT 2020,Fri Jun 19 03:09:30 PDT 2020,1,BatchId:4066386;OriginalHitTemplateId:928390828;,3600,86400,Approved,Thu Jun 04 03:10:33 PDT 2020,Thu Jun 04 04:06:13 PDT 2020,Fri Jun 05 04:06:13 PDT 2020,Fri Jun 05 01:02:18 PDT 2020,3340.0,100% (1/1),100% (1/1),100% (1/1)
Soprano et al,worker_57,3SL9J757T8FWABHDH1DDOZH59OG631,Misinformation - Political Statements,Classification of misinformation from political statements,"misinformation, political, news",$2.00,Thu Jun 04 03:09:29 PDT 2020,Fri Jun 19 03:09:29 PDT 2020,1,BatchId:4066386;OriginalHitTemplateId:928390828;,3600,86400,Approved,Thu Jun 04 04:11:18 PDT 2020,Thu Jun 04 04:23:44 PDT 2020,Fri Jun 05 04:23:44 PDT 2020,Fri Jun 05 01:02:26 PDT 2020,746.0,100% (1/1),100% (1/1),100% (1/1)
Soprano et al,worker_28,3SL9J757T8FWABHDH1DDOZH59OG631,Misinformation - Political Statements,Classification of misinformation from political statements,"misinformation, political, news",$2.00,Thu Jun 04 03:09:32 PDT 2020,Fri Jun 19 03:09:32 PDT 2020,1,BatchId:4066386;OriginalHitTemplateId:928390828;,3600,86400,Approved,Thu Jun 04 04:10:03 PDT 2020,Thu Jun 04 04:24:36 PDT 2020,Fri Jun 05 04:24:36 PDT 2020,Fri Jun 05 01:02:22 PDT 2020,873.0,100% (2/2),100% (1/1),100% (1/1)
Soprano et al,worker_175,3SL9J757T8FWABHDH1DDOZH59OG631,Misinformation - Political Statements,Classification of misinformation from political statements,"misinformation, political, news",$2.00,Thu Jun 04 03:09:30 PDT 2020,Fri Jun 19 03:09:30 PDT 2020,1,BatchId:4066386;OriginalHitTemplateId:928390828;,3600,86400,Approved,Thu Jun 04 03:53:56 PDT 2020,Thu Jun 04 04:25:40 PDT 2020,Fri Jun 05 04:25:40 PDT 2020,Fri Jun 05 01:02:28 PDT 2020,1904.0,100% (1/1),100% (1/1),100% (1/1)
Soprano et al,worker_159,3SL9J757T8FWABHDH1DDOZH59OG631,Misinformation - Political Statements,Classification of misinformation from political statements,"misinformation, political, news",$2.00,Thu Jun 04 03:09:29 PDT 2020,Fri Jun 19 03:09:29 PDT 2020,1,BatchId:4066386;OriginalHitTemplateId:928390828;,3600,86400,Approved,Thu Jun 04 04:12:52 PDT 2020,Thu Jun 04 04:28:29 PDT 2020,Fri Jun 05 04:28:29 PDT 2020,Fri Jun 05 01:02:18 PDT 2020,937.0,100% (1/1),100% (1/1),100% (1/1)
Soprano et al,worker_189,3SL9J757T8FWABHDH1DDOZH59OG631,Misinformation - Political Statements,Classification of misinformation from political statements,"misinformation, political, news",$2.00,Thu Jun 04 03:09:32 PDT 2020,Fri Jun 19 03:09:32 PDT 2020,1,BatchId:4066386;OriginalHitTemplateId:928390828;,3600,86400,Approved,Thu Jun 04 04:14:27 PDT 2020,Thu Jun 04 04:30:56 PDT 2020,Fri Jun 05 04:30:56 PDT 2020,Fri Jun 05 01:02:15 PDT 2020,989.0,100% (1/1),100% (1/1),100% (1/1)
Soprano et al,worker_35,3SL9J757T8FWABHDH1DDOZH59OG631,Misinformation - Political Statements,Classification of misinformation from political statements,"misinformation, political, news",$2.00,Thu Jun 04 03:09:31 PDT 2020,Fri Jun 19 03:09:31 PDT 2020,1,BatchId:4066386;OriginalHitTemplateId:928390828;,3600,86400,Approved,Thu Jun 04 04:13:23 PDT 2020,Thu Jun 04 04:31:47 PDT 2020,Fri Jun 05 04:31:47 PDT 2020,Fri Jun 05 01:02:23 PDT 2020,1104.0,100% (1/1),100% (1/1),100% (1/1)
Soprano et al,worker_143,3SL9J757T8FWABHDH1DDOZH59OG631,Misinformation - Political Statements,Classification of misinformation from political statements,"misinformation, political, news",$2.00,Thu Jun 04 03:09:28 PDT 2020,Fri Jun 19 03:09:28 PDT 2020,1,BatchId:4066386;OriginalHitTemplateId:928390828;,3600,86400,Approved,Thu Jun 04 04:14:21 PDT 2020,Thu Jun 04 04:35:28 PDT 2020,Fri Jun 05 04:35:28 PDT 2020,Fri Jun 05 01:02:21 PDT 2020,1267.0,100% (1/1),100% (1/1),100% (1/1)
Soprano et al,worker_118,3SL9J757T8FWABHDH1DDOZH59OG631,Misinformation - Political Statements,Classification of misinformation from political statements,"misinformation, political, news",$2.00,Thu Jun 04 03:09:28 PDT 2020,Fri Jun 19 03:09:28 PDT 2020,1,BatchId:4066386;OriginalHitTemplateId:928390828;,3600,86400,Approved,Thu Jun 04 04:16:38 PDT 2020,Thu Jun 04 04:35:36 PDT 2020,Fri Jun 05 04:35:36 PDT 2020,Fri Jun 05 01:02:28 PDT 2020,1138.0,100% (1/1),100% (1/1),100% (1/1)
Soprano et al,worker_93,3SL9J757T8FWABHDH1DDOZH59OG631,Misinformation - Political Statements,Classification of misinformation from political statements,"misinformation, political, news",$2.00,Thu Jun 04 03:09:30 PDT 2020,Fri Jun 19 03:09:30 PDT 2020,1,BatchId:4066386;OriginalHitTemplateId:928390828;,3600,86400,Approved,Thu Jun 04 04:11:02 PDT 2020,Thu Jun 04 04:39:47 PDT 2020,Fri Jun 05 04:39:47 PDT 2020,Fri Jun 05 01:02:27 PDT 2020,1725.0,100% (1/1),100% (1/1),100% (1/1)
Soprano et al,worker_2,3SL9J757T8FWABHDH1DDOZH59OG631,Misinformation - Political Statements,Classification of misinformation from political statements,"misinformation, political, news",$2.00,Thu Jun 04 03:09:31 PDT 2020,Fri Jun 19 03:09:31 PDT 2020,1,BatchId:4066386;OriginalHitTemplateId:928390828;,3600,86400,Approved,Thu Jun 04 04:25:37 PDT 2020,Thu Jun 04 04:46:24 PDT 2020,Fri Jun 05 04:46:24 PDT 2020,Fri Jun 05 01:02:27 PDT 2020,1247.0,100% (1/1),100% (1/1),100% (1/1)
Soprano et al,worker_4,3SL9J757T8FWABHDH1DDOZH59OG631,Misinformation - Political Statements,Classification of misinformation from political statements,"misinformation, political, news",$2.00,Thu Jun 04 03:09:28 PDT 2020,Fri Jun 19 03:09:28 PDT 2020,1,BatchId:4066386;OriginalHitTemplateId:928390828;,3600,86400,Approved,Thu Jun 04 04:17:19 PDT 2020,Thu Jun 04 04:48:51 PDT 2020,Fri Jun 05 04:48:51 PDT 2020,Fri Jun 05 01:02:20 PDT 2020,1892.0,100% (1/1),100% (1/1),100% (1/1)
Soprano et al,worker_72,3SL9J757T8FWABHDH1DDOZH59OG631,Misinformation - Political Statements,Classification of misinformation from political statements,"misinformation, political, news",$2.00,Thu Jun 04 03:09:32 PDT 2020,Fri Jun 19 03:09:32 PDT 2020,1,BatchId:4066386;OriginalHitTemplateId:928390828;,3600,86400,Approved,Thu Jun 04 04:18:12 PDT 2020,Thu Jun 04 04:51:18 PDT 2020,Fri Jun 05 04:51:18 PDT 2020,Fri Jun 05 01:02:25 PDT 2020,1986.0,100% (1/1),100% (1/1),100% (1/1)
Soprano et al,worker_81,3SL9J757T8FWABHDH1DDOZH59OG631,Misinformation - Political Statements,Classification of misinformation from political statements,"misinformation, political, news",$2.00,Thu Jun 04 03:09:30 PDT 2020,Fri Jun 19 03:09:30 PDT 2020,1,BatchId:4066386;OriginalHitTemplateId:928390828;,3600,86400,Approved,Thu Jun 04 04:12:31 PDT 2020,Thu Jun 04 04:52:31 PDT 2020,Fri Jun 05 04:52:31 PDT 2020,Fri Jun 05 01:02:14 PDT 2020,2400.0,100% (1/1),100% (1/1),100% (1/1)
Soprano et al,worker_166,3SL9J757T8FWABHDH1DDOZH59OG631,Misinformation - Political Statements,Classification of misinformation from political statements,"misinformation, political, news",$2.00,Thu Jun 04 03:09:32 PDT 2020,Fri Jun 19 03:09:32 PDT 2020,1,BatchId:4066386;OriginalHitTemplateId:928390828;,3600,86400,Approved,Thu Jun 04 04:37:36 PDT 2020,Thu Jun 04 05:00:00 PDT 2020,Fri Jun 05 05:00:00 PDT 2020,Fri Jun 05 01:02:24 PDT 2020,1344.0,100% (1/1),100% (1/1),100% (1/1)
Soprano et al,worker_59,3SL9J757T8FWABHDH1DDOZH59OG631,Misinformation - Political Statements,Classification of misinformation from political statements,"misinformation, political, news",$2.00,Thu Jun 04 03:09:31 PDT 2020,Fri Jun 19 03:09:31 PDT 2020,1,BatchId:4066386;OriginalHitTemplateId:928390828;,3600,86400,Approved,Thu Jun 04 04:40:23 PDT 2020,Thu Jun 04 05:02:53 PDT 2020,Fri Jun 05 05:02:53 PDT 2020,Fri Jun 05 01:02:26 PDT 2020,1350.0,100% (1/1),100% (1/1),100% (1/1)
Soprano et al,worker_99,3SL9J757T8FWABHDH1DDOZH59OG631,Misinformation - Political Statements,Classification of misinformation from political statements,"misinformation, political, news",$2.00,Thu Jun 04 03:09:32 PDT 2020,Fri Jun 19 03:09:32 PDT 2020,1,BatchId:4066386;OriginalHitTemplateId:928390828;,3600,86400,Approved,Thu Jun 04 04:47:52 PDT 2020,Thu Jun 04 05:08:03 PDT 2020,Fri Jun 05 05:08:03 PDT 2020,Fri Jun 05 01:02:22 PDT 2020,1211.0,100% (1/1),100% (1/1),100% (1/1)
Soprano et al,worker_20,3SL9J757T8FWABHDH1DDOZH59OG631,Misinformation - Political Statements,Classification of misinformation from political statements,"misinformation, political, news",$2.00,Thu Jun 04 03:09:33 PDT 2020,Fri Jun 19 03:09:33 PDT 2020,1,BatchId:4066386;OriginalHitTemplateId:928390828;,3600,86400,Approved,Thu Jun 04 04:48:27 PDT 2020,Thu Jun 04 05:08:06 PDT 2020,Fri Jun 05 05:08:06 PDT 2020,Fri Jun 05 01:02:17 PDT 2020,1179.0,100% (1/1),100% (1/1),100% (1/1)
Soprano et al,worker_114,3SL9J757T8FWABHDH1DDOZH59OG631,Misinformation - Political Statements,Classification of misinformation from political statements,"misinformation, political, news",$2.00,Thu Jun 04 03:09:32 PDT 2020,Fri Jun 19 03:09:32 PDT 2020,1,BatchId:4066386;OriginalHitTemplateId:928390828;,3600,86400,Approved,Thu Jun 04 04:41:48 PDT 2020,Thu Jun 04 05:09:54 PDT 2020,Fri Jun 05 05:09:54 PDT 2020,Fri Jun 05 01:02:26 PDT 2020,1686.0,100% (1/1),100% (1/1),100% (1/1)
Soprano et al,worker_165,3SL9J757T8FWABHDH1DDOZH59OG631,Misinformation - Political Statements,Classification of misinformation from political statements,"misinformation, political, news",$2.00,Thu Jun 04 03:09:29 PDT 2020,Fri Jun 19 03:09:29 PDT 2020,1,BatchId:4066386;OriginalHitTemplateId:928390828;,3600,86400,Approved,Thu Jun 04 04:27:47 PDT 2020,Thu Jun 04 05:11:49 PDT 2020,Fri Jun 05 05:11:49 PDT 2020,Fri Jun 05 01:02:25 PDT 2020,2642.0,100% (1/1),100% (1/1),100% (1/1)
Soprano et al,worker_25,3SL9J757T8FWABHDH1DDOZH59OG631,Misinformation - Political Statements,Classification of misinformation from political statements,"misinformation, political, news",$2.00,Thu Jun 04 03:09:31 PDT 2020,Fri Jun 19 03:09:31 PDT 2020,1,BatchId:4066386;OriginalHitTemplateId:928390828;,3600,86400,Approved,Thu Jun 04 04:56:35 PDT 2020,Thu Jun 04 05:15:48 PDT 2020,Fri Jun 05 05:15:48 PDT 2020,Fri Jun 05 01:02:22 PDT 2020,1153.0,100% (1/1),100% (1/1),100% (1/1)
Soprano et al,worker_111,3SL9J757T8FWABHDH1DDOZH59OG631,Misinformation - Political Statements,Classification of misinformation from political statements,"misinformation, political, news",$2.00,Thu Jun 04 03:09:32 PDT 2020,Fri Jun 19 03:09:32 PDT 2020,1,BatchId:4066386;OriginalHitTemplateId:928390828;,3600,86400,Approved,Thu Jun 04 04:46:05 PDT 2020,Thu Jun 04 05:41:54 PDT 2020,Fri Jun 05 05:41:54 PDT 2020,Fri Jun 05 01:02:19 PDT 2020,3349.0,100% (1/1),100% (1/1),100% (1/1)
Soprano et al,worker_63,3SL9J757T8FWABHDH1DDOZH59OG631,Misinformation - Political Statements,Classification of misinformation from political statements,"misinformation, political, news",$2.00,Thu Jun 04 03:09:29 PDT 2020,Fri Jun 19 03:09:29 PDT 2020,1,BatchId:4066386;OriginalHitTemplateId:928390828;,3600,86400,Approved,Thu Jun 04 05:19:03 PDT 2020,Thu Jun 04 05:47:48 PDT 2020,Fri Jun 05 05:47:48 PDT 2020,Fri Jun 05 01:02:13 PDT 2020,1725.0,100% (1/1),100% (1/1),100% (1/1)
Soprano et al,worker_151,3SL9J757T8FWABHDH1DDOZH59OG631,Misinformation - Political Statements,Classification of misinformation from political statements,"misinformation, political, news",$2.00,Thu Jun 04 03:09:32 PDT 2020,Fri Jun 19 03:09:32 PDT 2020,1,BatchId:4066386;OriginalHitTemplateId:928390828;,3600,86400,Approved,Thu Jun 04 05:09:43 PDT 2020,Thu Jun 04 05:52:43 PDT 2020,Fri Jun 05 05:52:43 PDT 2020,Fri Jun 05 01:02:14 PDT 2020,2580.0,100% (1/1),100% (1/1),100% (1/1)
Soprano et al,worker_131,3SL9J757T8FWABHDH1DDOZH59OG631,Misinformation - Political Statements,Classification of misinformation from political statements,"misinformation, political, news",$2.00,Thu Jun 04 03:09:29 PDT 2020,Fri Jun 19 03:09:29 PDT 2020,1,BatchId:4066386;OriginalHitTemplateId:928390828;,3600,86400,Approved,Thu Jun 04 05:14:25 PDT 2020,Thu Jun 04 05:53:52 PDT 2020,Fri Jun 05 05:53:52 PDT 2020,Fri Jun 05 01:02:21 PDT 2020,2367.0,100% (1/1),100% (1/1),100% (1/1)
Soprano et al,worker_16,3SL9J757T8FWABHDH1DDOZH59OG631,Misinformation - Political Statements,Classification of misinformation from political statements,"misinformation, political, news",$2.00,Thu Jun 04 03:09:29 PDT 2020,Fri Jun 19 03:09:29 PDT 2020,1,BatchId:4066386;OriginalHitTemplateId:928390828;,3600,86400,Approved,Thu Jun 04 05:13:55 PDT 2020,Thu Jun 04 05:55:14 PDT 2020,Fri Jun 05 05:55:14 PDT 2020,Fri Jun 05 01:02:19 PDT 2020,2479.0,100% (1/1),100% (1/1),100% (1/1)
Soprano et al,worker_173,3SL9J757T8FWABHDH1DDOZH59OG631,Misinformation - Political Statements,Classification of misinformation from political statements,"misinformation, political, news",$2.00,Thu Jun 04 03:09:29 PDT 2020,Fri Jun 19 03:09:29 PDT 2020,1,BatchId:4066386;OriginalHitTemplateId:928390828;,3600,86400,Approved,Thu Jun 04 05:38:17 PDT 2020,Thu Jun 04 05:59:36 PDT 2020,Fri Jun 05 05:59:36 PDT 2020,Fri Jun 05 01:02:15 PDT 2020,1279.0,100% (1/1),100% (1/1),100% (1/1)
Soprano et al,worker_21,3SL9J757T8FWABHDH1DDOZH59OG631,Misinformation - Political Statements,Classification of misinformation from political statements,"misinformation, political, news",$2.00,Thu Jun 04 03:09:30 PDT 2020,Fri Jun 19 03:09:30 PDT 2020,1,BatchId:4066386;OriginalHitTemplateId:928390828;,3600,86400,Approved,Thu Jun 04 05:30:04 PDT 2020,Thu Jun 04 06:01:45 PDT 2020,Fri Jun 05 06:01:45 PDT 2020,Fri Jun 05 01:02:19 PDT 2020,1901.0,100% (1/1),100% (1/1),100% (1/1)
Soprano et al,worker_52,3SL9J757T8FWABHDH1DDOZH59OG631,Misinformation - Political Statements,Classification of misinformation from political statements,"misinformation, political, news",$2.00,Thu Jun 04 03:09:32 PDT 2020,Fri Jun 19 03:09:32 PDT 2020,1,BatchId:4066386;OriginalHitTemplateId:928390828;,3600,86400,Approved,Thu Jun 04 05:25:16 PDT 2020,Thu Jun 04 06:03:41 PDT 2020,Fri Jun 05 06:03:41 PDT 2020,Fri Jun 05 01:02:28 PDT 2020,2305.0,100% (1/1),100% (1/1),100% (1/1)
Soprano et al,worker_185,3SL9J757T8FWABHDH1DDOZH59OG631,Misinformation - Political Statements,Classification of misinformation from political statements,"misinformation, political, news",$2.00,Thu Jun 04 03:09:29 PDT 2020,Fri Jun 19 03:09:29 PDT 2020,1,BatchId:4066386;OriginalHitTemplateId:928390828;,3600,86400,Approved,Thu Jun 04 05:17:05 PDT 2020,Thu Jun 04 06:15:07 PDT 2020,Fri Jun 05 06:15:07 PDT 2020,Fri Jun 05 01:02:18 PDT 2020,3482.0,100% (1/1),100% (1/1),100% (1/1)
Soprano et al,worker_40,3SL9J757T8FWABHDH1DDOZH59OG631,Misinformation - Political Statements,Classification of misinformation from political statements,"misinformation, political, news",$2.00,Thu Jun 04 03:09:27 PDT 2020,Fri Jun 19 03:09:27 PDT 2020,1,BatchId:4066386;OriginalHitTemplateId:928390828;,3600,86400,Approved,Thu Jun 04 05:53:08 PDT 2020,Thu Jun 04 06:19:31 PDT 2020,Fri Jun 05 06:19:31 PDT 2020,Fri Jun 05 01:02:16 PDT 2020,1583.0,100% (1/1),100% (1/1),100% (1/1)
Soprano et al,worker_197,3SL9J757T8FWABHDH1DDOZH59OG631,Misinformation - Political Statements,Classification of misinformation from political statements,"misinformation, political, news",$2.00,Thu Jun 04 03:09:31 PDT 2020,Fri Jun 19 03:09:31 PDT 2020,1,BatchId:4066386;OriginalHitTemplateId:928390828;,3600,86400,Approved,Thu Jun 04 05:27:43 PDT 2020,Thu Jun 04 06:24:25 PDT 2020,Fri Jun 05 06:24:25 PDT 2020,Fri Jun 05 01:02:16 PDT 2020,3402.0,100% (1/1),100% (1/1),100% (1/1)
Soprano et al,worker_117,3SL9J757T8FWABHDH1DDOZH59OG631,Misinformation - Political Statements,Classification of misinformation from political statements,"misinformation, political, news",$2.00,Thu Jun 04 03:09:32 PDT 2020,Fri Jun 19 03:09:32 PDT 2020,1,BatchId:4066386;OriginalHitTemplateId:928390828;,3600,86400,Approved,Thu Jun 04 05:48:02 PDT 2020,Thu Jun 04 06:28:17 PDT 2020,Fri Jun 05 06:28:17 PDT 2020,Fri Jun 05 01:02:23 PDT 2020,2415.0,100% (1/1),100% (1/1),100% (1/1)
Soprano et al,worker_69,3SL9J757T8FWABHDH1DDOZH59OG631,Misinformation - Political Statements,Classification of misinformation from political statements,"misinformation, political, news",$2.00,Thu Jun 04 03:09:32 PDT 2020,Fri Jun 19 03:09:32 PDT 2020,1,BatchId:4066386;OriginalHitTemplateId:928390828;,3600,86400,Approved,Thu Jun 04 05:41:41 PDT 2020,Thu Jun 04 06:31:45 PDT 2020,Fri Jun 05 06:31:45 PDT 2020,Fri Jun 05 01:02:27 PDT 2020,3004.0,100% (1/1),100% (1/1),100% (1/1)
Soprano et al,worker_79,3SL9J757T8FWABHDH1DDOZH59OG631,Misinformation - Political Statements,Classification of misinformation from political statements,"misinformation, political, news",$2.00,Thu Jun 04 03:09:33 PDT 2020,Fri Jun 19 03:09:33 PDT 2020,1,BatchId:4066386;OriginalHitTemplateId:928390828;,3600,86400,Approved,Thu Jun 04 06:11:09 PDT 2020,Thu Jun 04 06:47:43 PDT 2020,Fri Jun 05 06:47:43 PDT 2020,Fri Jun 05 01:02:19 PDT 2020,2194.0,100% (1/1),100% (1/1),100% (1/1)
Soprano et al,worker_83,3SL9J757T8FWABHDH1DDOZH59OG631,Misinformation - Political Statements,Classification of misinformation from political statements,"misinformation, political, news",$2.00,Thu Jun 04 03:09:29 PDT 2020,Fri Jun 19 03:09:29 PDT 2020,1,BatchId:4066386;OriginalHitTemplateId:928390828;,3600,86400,Approved,Thu Jun 04 06:03:48 PDT 2020,Thu Jun 04 06:50:03 PDT 2020,Fri Jun 05 06:50:03 PDT 2020,Fri Jun 05 01:02:22 PDT 2020,2775.0,100% (1/1),100% (1/1),100% (1/1)
Soprano et al,worker_88,3SL9J757T8FWABHDH1DDOZH59OG631,Misinformation - Political Statements,Classification of misinformation from political statements,"misinformation, political, news",$2.00,Thu Jun 04 03:09:31 PDT 2020,Fri Jun 19 03:09:31 PDT 2020,1,BatchId:4066386;OriginalHitTemplateId:928390828;,3600,86400,Approved,Thu Jun 04 06:45:38 PDT 2020,Thu Jun 04 07:13:23 PDT 2020,Fri Jun 05 07:13:23 PDT 2020,Fri Jun 05 01:02:25 PDT 2020,1665.0,100% (1/1),100% (1/1),100% (1/1)
Soprano et al,worker_170,3SL9J757T8FWABHDH1DDOZH59OG631,Misinformation - Political Statements,Classification of misinformation from political statements,"misinformation, political, news",$2.00,Thu Jun 04 03:09:28 PDT 2020,Fri Jun 19 03:09:28 PDT 2020,1,BatchId:4066386;OriginalHitTemplateId:928390828;,3600,86400,Approved,Thu Jun 04 06:28:22 PDT 2020,Thu Jun 04 07:15:34 PDT 2020,Fri Jun 05 07:15:34 PDT 2020,Fri Jun 05 01:02:20 PDT 2020,2832.0,100% (1/1),100% (1/1),100% (1/1)
Soprano et al,worker_141,3SL9J757T8FWABHDH1DDOZH59OG631,Misinformation - Political Statements,Classification of misinformation from political statements,"misinformation, political, news",$2.00,Thu Jun 04 03:09:31 PDT 2020,Fri Jun 19 03:09:31 PDT 2020,1,BatchId:4066386;OriginalHitTemplateId:928390828;,3600,86400,Approved,Thu Jun 04 07:01:02 PDT 2020,Thu Jun 04 07:26:10 PDT 2020,Fri Jun 05 07:26:10 PDT 2020,Fri Jun 05 01:02:18 PDT 2020,1508.0,100% (1/1),100% (1/1),100% (1/1)
Soprano et al,worker_80,3SL9J757T8FWABHDH1DDOZH59OG631,Misinformation - Political Statements,Classification of misinformation from political statements,"misinformation, political, news",$2.00,Thu Jun 04 03:09:30 PDT 2020,Fri Jun 19 03:09:30 PDT 2020,1,BatchId:4066386;OriginalHitTemplateId:928390828;,3600,86400,Approved,Thu Jun 04 06:55:48 PDT 2020,Thu Jun 04 07:29:19 PDT 2020,Fri Jun 05 07:29:19 PDT 2020,Fri Jun 05 01:02:24 PDT 2020,2011.0,100% (1/1),100% (1/1),100% (1/1)
Soprano et al,worker_51,3SL9J757T8FWABHDH1DDOZH59OG631,Misinformation - Political Statements,Classification of misinformation from political statements,"misinformation, political, news",$2.00,Thu Jun 04 03:09:31 PDT 2020,Fri Jun 19 03:09:31 PDT 2020,1,BatchId:4066386;OriginalHitTemplateId:928390828;,3600,86400,Approved,Thu Jun 04 07:21:12 PDT 2020,Thu Jun 04 07:41:13 PDT 2020,Fri Jun 05 07:41:13 PDT 2020,Fri Jun 05 01:02:28 PDT 2020,1201.0,100% (1/1),100% (1/1),100% (1/1)
Soprano et al,worker_149,3SL9J757T8FWABHDH1DDOZH59OG631,Misinformation - Political Statements,Classification of misinformation from political statements,"misinformation, political, news",$2.00,Thu Jun 04 03:09:28 PDT 2020,Fri Jun 19 03:09:28 PDT 2020,1,BatchId:4066386;OriginalHitTemplateId:928390828;,3600,86400,Approved,Thu Jun 04 07:25:05 PDT 2020,Thu Jun 04 07:45:35 PDT 2020,Fri Jun 05 07:45:35 PDT 2020,Fri Jun 05 01:02:15 PDT 2020,1230.0,100% (1/1),100% (1/1),100% (1/1)
Soprano et al,worker_171,3SL9J757T8FWABHDH1DDOZH59OG631,Misinformation - Political Statements,Classification of misinformation from political statements,"misinformation, political, news",$2.00,Thu Jun 04 03:09:28 PDT 2020,Fri Jun 19 03:09:28 PDT 2020,1,BatchId:4066386;OriginalHitTemplateId:928390828;,3600,86400,Approved,Thu Jun 04 07:02:43 PDT 2020,Thu Jun 04 07:49:39 PDT 2020,Fri Jun 05 07:49:39 PDT 2020,Fri Jun 05 01:02:26 PDT 2020,2816.0,100% (1/1),100% (1/1),100% (1/1)
Soprano et al,worker_179,3SL9J757T8FWABHDH1DDOZH59OG631,Misinformation - Political Statements,Classification of misinformation from political statements,"misinformation, political, news",$2.00,Thu Jun 04 03:09:31 PDT 2020,Fri Jun 19 03:09:31 PDT 2020,1,BatchId:4066386;OriginalHitTemplateId:928390828;,3600,86400,Approved,Thu Jun 04 07:15:41 PDT 2020,Thu Jun 04 08:01:53 PDT 2020,Fri Jun 05 08:01:53 PDT 2020,Fri Jun 05 01:02:20 PDT 2020,2772.0,100% (1/1),100% (1/1),100% (1/1)
Soprano et al,worker_174,3SL9J757T8FWABHDH1DDOZH59OG631,Misinformation - Political Statements,Classification of misinformation from political statements,"misinformation, political, news",$2.00,Thu Jun 04 03:09:30 PDT 2020,Fri Jun 19 03:09:30 PDT 2020,1,BatchId:4066386;OriginalHitTemplateId:928390828;,3600,86400,Approved,Thu Jun 04 07:04:46 PDT 2020,Thu Jun 04 08:03:28 PDT 2020,Fri Jun 05 08:03:28 PDT 2020,Fri Jun 05 01:02:27 PDT 2020,3522.0,100% (1/1),100% (1/1),100% (1/1)
Soprano et al,worker_65,3SL9J757T8FWABHDH1DDOZH59OG631,Misinformation - Political Statements,Classification of misinformation from political statements,"misinformation, political, news",$2.00,Thu Jun 04 03:09:30 PDT 2020,Fri Jun 19 03:09:30 PDT 2020,1,BatchId:4066386;OriginalHitTemplateId:928390828;,3600,86400,Approved,Thu Jun 04 07:30:14 PDT 2020,Thu Jun 04 08:06:35 PDT 2020,Fri Jun 05 08:06:35 PDT 2020,Fri Jun 05 01:02:29 PDT 2020,2181.0,100% (1/1),100% (1/1),100% (1/1)
Soprano et al,worker_142,3SL9J757T8FWABHDH1DDOZH59OG631,Misinformation - Political Statements,Classification of misinformation from political statements,"misinformation, political, news",$2.00,Thu Jun 04 03:09:32 PDT 2020,Fri Jun 19 03:09:32 PDT 2020,1,BatchId:4066386;OriginalHitTemplateId:928390828;,3600,86400,Approved,Thu Jun 04 07:28:03 PDT 2020,Thu Jun 04 08:06:45 PDT 2020,Fri Jun 05 08:06:45 PDT 2020,Fri Jun 05 01:02:16 PDT 2020,2322.0,100% (1/1),100% (1/1),100% (1/1)
Soprano et al,worker_29,3SL9J757T8FWABHDH1DDOZH59OG631,Misinformation - Political Statements,Classification of misinformation from political statements,"misinformation, political, news",$2.00,Thu Jun 04 03:09:29 PDT 2020,Fri Jun 19 03:09:29 PDT 2020,1,BatchId:4066386;OriginalHitTemplateId:928390828;,3600,86400,Approved,Thu Jun 04 07:27:47 PDT 2020,Thu Jun 04 08:09:02 PDT 2020,Fri Jun 05 08:09:02 PDT 2020,Fri Jun 05 01:02:19 PDT 2020,2475.0,100% (1/1),100% (1/1),100% (1/1)
Soprano et al,worker_42,3SL9J757T8FWABHDH1DDOZH59OG631,Misinformation - Political Statements,Classification of misinformation from political statements,"misinformation, political, news",$2.00,Thu Jun 04 03:09:31 PDT 2020,Fri Jun 19 03:09:31 PDT 2020,1,BatchId:4066386;OriginalHitTemplateId:928390828;,3600,86400,Approved,Thu Jun 04 07:40:13 PDT 2020,Thu Jun 04 08:10:22 PDT 2020,Fri Jun 05 08:10:22 PDT 2020,Fri Jun 05 01:02:23 PDT 2020,1809.0,100% (1/1),100% (1/1),100% (1/1)
Soprano et al,worker_98,3SL9J757T8FWABHDH1DDOZH59OG631,Misinformation - Political Statements,Classification of misinformation from political statements,"misinformation, political, news",$2.00,Thu Jun 04 03:09:30 PDT 2020,Fri Jun 19 03:09:30 PDT 2020,1,BatchId:4066386;OriginalHitTemplateId:928390828;,3600,86400,Approved,Thu Jun 04 07:34:42 PDT 2020,Thu Jun 04 08:12:49 PDT 2020,Fri Jun 05 08:12:49 PDT 2020,Fri Jun 05 01:02:21 PDT 2020,2287.0,100% (1/1),100% (1/1),100% (1/1)
Soprano et al,worker_23,3SL9J757T8FWABHDH1DDOZH59OG631,Misinformation - Political Statements,Classification of misinformation from political statements,"misinformation, political, news",$2.00,Thu Jun 04 03:09:29 PDT 2020,Fri Jun 19 03:09:29 PDT 2020,1,BatchId:4066386;OriginalHitTemplateId:928390828;,3600,86400,Approved,Thu Jun 04 07:40:52 PDT 2020,Thu Jun 04 08:18:06 PDT 2020,Fri Jun 05 08:18:06 PDT 2020,Fri Jun 05 01:02:17 PDT 2020,2234.0,100% (2/2),100% (2/2),100% (2/2)
Soprano et al,worker_101,3SL9J757T8FWABHDH1DDOZH59OG631,Misinformation - Political Statements,Classification of misinformation from political statements,"misinformation, political, news",$2.00,Thu Jun 04 03:09:30 PDT 2020,Fri Jun 19 03:09:30 PDT 2020,1,BatchId:4066386;OriginalHitTemplateId:928390828;,3600,86400,Approved,Thu Jun 04 08:03:16 PDT 2020,Thu Jun 04 08:25:32 PDT 2020,Fri Jun 05 08:25:32 PDT 2020,Fri Jun 05 01:02:29 PDT 2020,1336.0,100% (1/1),100% (1/1),100% (1/1)
Soprano et al,worker_5,3SL9J757T8FWABHDH1DDOZH59OG631,Misinformation - Political Statements,Classification of misinformation from political statements,"misinformation, political, news",$2.00,Thu Jun 04 03:09:28 PDT 2020,Fri Jun 19 03:09:28 PDT 2020,1,BatchId:4066386;OriginalHitTemplateId:928390828;,3600,86400,Approved,Thu Jun 04 08:00:03 PDT 2020,Thu Jun 04 08:29:27 PDT 2020,Fri Jun 05 08:29:27 PDT 2020,Fri Jun 05 01:02:23 PDT 2020,1764.0,100% (1/1),100% (1/1),100% (1/1)
Soprano et al,worker_136,3SL9J757T8FWABHDH1DDOZH59OG631,Misinformation - Political Statements,Classification of misinformation from political statements,"misinformation, political, news",$2.00,Thu Jun 04 03:09:33 PDT 2020,Fri Jun 19 03:09:33 PDT 2020,1,BatchId:4066386;OriginalHitTemplateId:928390828;,3600,86400,Approved,Thu Jun 04 08:27:40 PDT 2020,Thu Jun 04 09:13:38 PDT 2020,Fri Jun 05 09:13:38 PDT 2020,Fri Jun 05 01:02:23 PDT 2020,2758.0,100% (1/1),100% (1/1),100% (1/1)
Soprano et al,worker_135,3SL9J757T8FWABHDH1DDOZH59OG631,Misinformation - Political Statements,Classification of misinformation from political statements,"misinformation, political, news",$2.00,Thu Jun 04 03:09:28 PDT 2020,Fri Jun 19 03:09:28 PDT 2020,1,BatchId:4066386;OriginalHitTemplateId:928390828;,3600,86400,Approved,Thu Jun 04 09:33:17 PDT 2020,Thu Jun 04 09:52:22 PDT 2020,Fri Jun 05 09:52:22 PDT 2020,Fri Jun 05 01:02:15 PDT 2020,1145.0,100% (1/1),100% (1/1),100% (1/1)
Soprano et al,worker_195,3SL9J757T8FWABHDH1DDOZH59OG631,Misinformation - Political Statements,Classification of misinformation from political statements,"misinformation, political, news",$2.00,Thu Jun 04 03:09:28 PDT 2020,Fri Jun 19 03:09:28 PDT 2020,1,BatchId:4066386;OriginalHitTemplateId:928390828;,3600,86400,Approved,Thu Jun 04 10:13:11 PDT 2020,Thu Jun 04 10:30:30 PDT 2020,Fri Jun 05 10:30:30 PDT 2020,Fri Jun 05 01:02:22 PDT 2020,1039.0,100% (1/1),100% (1/1),100% (1/1)
Soprano et al,worker_155,3SL9J757T8FWABHDH1DDOZH59OG631,Misinformation - Political Statements,Classification of misinformation from political statements,"misinformation, political, news",$2.00,Thu Jun 04 03:09:31 PDT 2020,Fri Jun 19 03:09:31 PDT 2020,1,BatchId:4066386;OriginalHitTemplateId:928390828;,3600,86400,Approved,Thu Jun 04 10:04:53 PDT 2020,Thu Jun 04 10:50:10 PDT 2020,Fri Jun 05 10:50:10 PDT 2020,Fri Jun 05 01:02:26 PDT 2020,2717.0,100% (1/1),100% (1/1),100% (1/1)
Soprano et al,worker_172,3SL9J757T8FWABHDH1DDOZH59OG631,Misinformation - Political Statements,Classification of misinformation from political statements,"misinformation, political, news",$2.00,Thu Jun 04 03:09:31 PDT 2020,Fri Jun 19 03:09:31 PDT 2020,1,BatchId:4066386;OriginalHitTemplateId:928390828;,3600,86400,Approved,Thu Jun 04 10:51:51 PDT 2020,Thu Jun 04 11:08:17 PDT 2020,Fri Jun 05 11:08:17 PDT 2020,Fri Jun 05 01:02:21 PDT 2020,986.0,100% (1/1),100% (1/1),100% (1/1)
Soprano et al,worker_183,3SL9J757T8FWABHDH1DDOZH59OG631,Misinformation - Political Statements,Classification of misinformation from political statements,"misinformation, political, news",$2.00,Thu Jun 04 03:09:32 PDT 2020,Fri Jun 19 03:09:32 PDT 2020,1,BatchId:4066386;OriginalHitTemplateId:928390828;,3600,86400,Approved,Thu Jun 04 10:20:30 PDT 2020,Thu Jun 04 11:15:17 PDT 2020,Fri Jun 05 11:15:17 PDT 2020,Fri Jun 05 01:02:26 PDT 2020,3287.0,100% (1/1),100% (1/1),100% (1/1)
Soprano et al,worker_182,3SL9J757T8FWABHDH1DDOZH59OG631,Misinformation - Political Statements,Classification of misinformation from political statements,"misinformation, political, news",$2.00,Thu Jun 04 03:09:28 PDT 2020,Fri Jun 19 03:09:28 PDT 2020,1,BatchId:4066386;OriginalHitTemplateId:928390828;,3600,86400,Approved,Thu Jun 04 10:53:12 PDT 2020,Thu Jun 04 11:33:15 PDT 2020,Fri Jun 05 11:33:15 PDT 2020,Fri Jun 05 01:02:27 PDT 2020,2403.0,100% (1/1),100% (1/1),100% (1/1)
Soprano et al,worker_148,3SL9J757T8FWABHDH1DDOZH59OG631,Misinformation - Political Statements,Classification of misinformation from political statements,"misinformation, political, news",$2.00,Thu Jun 04 03:09:32 PDT 2020,Fri Jun 19 03:09:32 PDT 2020,1,BatchId:4066386;OriginalHitTemplateId:928390828;,3600,86400,Approved,Thu Jun 04 10:43:30 PDT 2020,Thu Jun 04 11:33:49 PDT 2020,Fri Jun 05 11:33:49 PDT 2020,Fri Jun 05 01:02:13 PDT 2020,3019.0,100% (1/1),100% (1/1),100% (1/1)
Soprano et al,worker_62,3SL9J757T8FWABHDH1DDOZH59OG631,Misinformation - Political Statements,Classification of misinformation from political statements,"misinformation, political, news",$2.00,Thu Jun 04 03:09:29 PDT 2020,Fri Jun 19 03:09:29 PDT 2020,1,BatchId:4066386;OriginalHitTemplateId:928390828;,3600,86400,Approved,Thu Jun 04 12:09:17 PDT 2020,Thu Jun 04 12:33:31 PDT 2020,Fri Jun 05 12:33:31 PDT 2020,Fri Jun 05 01:02:20 PDT 2020,1454.0,100% (1/1),100% (1/1),100% (1/1)
Soprano et al,worker_92,3SL9J757T8FWABHDH1DDOZH59OG631,Misinformation - Political Statements,Classification of misinformation from political statements,"misinformation, political, news",$2.00,Thu Jun 04 03:09:28 PDT 2020,Fri Jun 19 03:09:28 PDT 2020,1,BatchId:4066386;OriginalHitTemplateId:928390828;,3600,86400,Approved,Thu Jun 04 12:13:09 PDT 2020,Thu Jun 04 12:56:51 PDT 2020,Fri Jun 05 12:56:51 PDT 2020,Fri Jun 05 01:02:28 PDT 2020,2622.0,100% (1/1),100% (1/1),100% (1/1)
Soprano et al,worker_122,3SL9J757T8FWABHDH1DDOZH59OG631,Misinformation - Political Statements,Classification of misinformation from political statements,"misinformation, political, news",$2.00,Thu Jun 04 03:09:28 PDT 2020,Fri Jun 19 03:09:28 PDT 2020,1,BatchId:4066386;OriginalHitTemplateId:928390828;,3600,86400,Approved,Thu Jun 04 12:43:20 PDT 2020,Thu Jun 04 13:19:18 PDT 2020,Fri Jun 05 13:19:18 PDT 2020,Fri Jun 05 01:02:17 PDT 2020,2158.0,100% (2/2),100% (1/1),100% (1/1)
Soprano et al,worker_74,3SL9J757T8FWABHDH1DDOZH59OG631,Misinformation - Political Statements,Classification of misinformation from political statements,"misinformation, political, news",$2.00,Thu Jun 04 03:09:28 PDT 2020,Fri Jun 19 03:09:28 PDT 2020,1,BatchId:4066386;OriginalHitTemplateId:928390828;,3600,86400,Approved,Thu Jun 04 13:53:39 PDT 2020,Thu Jun 04 14:52:42 PDT 2020,Fri Jun 05 14:52:42 PDT 2020,Fri Jun 05 01:02:13 PDT 2020,3543.0,100% (1/1),100% (1/1),100% (1/1)
Soprano et al,worker_177,3SL9J757T8FWABHDH1DDOZH59OG631,Misinformation - Political Statements,Classification of misinformation from political statements,"misinformation, political, news",$2.00,Thu Jun 04 03:09:32 PDT 2020,Fri Jun 19 03:09:32 PDT 2020,1,BatchId:4066386;OriginalHitTemplateId:928390828;,3600,86400,Approved,Thu Jun 04 14:34:53 PDT 2020,Thu Jun 04 14:59:25 PDT 2020,Fri Jun 05 14:59:25 PDT 2020,Fri Jun 05 01:02:21 PDT 2020,1472.0,100% (1/1),100% (1/1),100% (1/1)
Soprano et al,worker_37,3SL9J757T8FWABHDH1DDOZH59OG631,Misinformation - Political Statements,Classification of misinformation from political statements,"misinformation, political, news",$2.00,Thu Jun 04 03:09:30 PDT 2020,Fri Jun 19 03:09:30 PDT 2020,1,BatchId:4066386;OriginalHitTemplateId:928390828;,3600,86400,Approved,Thu Jun 04 14:52:15 PDT 2020,Thu Jun 04 15:20:29 PDT 2020,Fri Jun 05 15:20:29 PDT 2020,Fri Jun 05 01:02:14 PDT 2020,1694.0,100% (1/1),100% (1/1),100% (1/1)
Soprano et al,worker_105,3SL9J757T8FWABHDH1DDOZH59OG631,Misinformation - Political Statements,Classification of misinformation from political statements,"misinformation, political, news",$2.00,Thu Jun 04 03:09:30 PDT 2020,Fri Jun 19 03:09:30 PDT 2020,1,BatchId:4066386;OriginalHitTemplateId:928390828;,3600,86400,Approved,Thu Jun 04 15:56:06 PDT 2020,Thu Jun 04 16:27:25 PDT 2020,Fri Jun 05 16:27:25 PDT 2020,Fri Jun 05 01:02:25 PDT 2020,1879.0,100% (1/1),100% (1/1),100% (1/1)
Soprano et al,worker_54,3SL9J757T8FWABHDH1DDOZH59OG631,Misinformation - Political Statements,Classification of misinformation from political statements,"misinformation, political, news",$2.00,Thu Jun 04 03:09:30 PDT 2020,Fri Jun 19 03:09:30 PDT 2020,1,BatchId:4066386;OriginalHitTemplateId:928390828;,3600,86400,Approved,Thu Jun 04 16:02:26 PDT 2020,Thu Jun 04 16:33:34 PDT 2020,Fri Jun 05 16:33:34 PDT 2020,Fri Jun 05 01:02:24 PDT 2020,1868.0,100% (1/1),100% (1/1),100% (1/1)
Soprano et al,worker_12,3SL9J757T8FWABHDH1DDOZH59OG631,Misinformation - Political Statements,Classification of misinformation from political statements,"misinformation, political, news",$2.00,Thu Jun 04 03:09:29 PDT 2020,Fri Jun 19 03:09:29 PDT 2020,1,BatchId:4066386;OriginalHitTemplateId:928390828;,3600,86400,Approved,Thu Jun 04 16:05:14 PDT 2020,Thu Jun 04 16:51:06 PDT 2020,Fri Jun 05 16:51:06 PDT 2020,Fri Jun 05 01:02:13 PDT 2020,2752.0,100% (1/1),100% (1/1),100% (1/1)
Soprano et al,worker_116,3SL9J757T8FWABHDH1DDOZH59OG631,Misinformation - Political Statements,Classification of misinformation from political statements,"misinformation, political, news",$2.00,Thu Jun 04 03:09:30 PDT 2020,Fri Jun 19 03:09:30 PDT 2020,1,BatchId:4066386;OriginalHitTemplateId:928390828;,3600,86400,Approved,Thu Jun 04 16:35:35 PDT 2020,Thu Jun 04 16:53:05 PDT 2020,Fri Jun 05 16:53:05 PDT 2020,Fri Jun 05 01:02:16 PDT 2020,1050.0,100% (1/1),100% (1/1),100% (1/1)
Soprano et al,worker_146,3SL9J757T8FWABHDH1DDOZH59OG631,Misinformation - Political Statements,Classification of misinformation from political statements,"misinformation, political, news",$2.00,Thu Jun 04 03:09:31 PDT 2020,Fri Jun 19 03:09:31 PDT 2020,1,BatchId:4066386;OriginalHitTemplateId:928390828;,3600,86400,Approved,Thu Jun 04 17:15:43 PDT 2020,Thu Jun 04 18:08:16 PDT 2020,Fri Jun 05 18:08:16 PDT 2020,Fri Jun 05 01:02:25 PDT 2020,3153.0,100% (1/1),100% (1/1),100% (1/1)
Soprano et al,worker_153,3SL9J757T8FWABHDH1DDOZH59OG631,Misinformation - Political Statements,Classification of misinformation from political statements,"misinformation, political, news",$2.00,Thu Jun 04 03:09:31 PDT 2020,Fri Jun 19 03:09:31 PDT 2020,1,BatchId:4066386;OriginalHitTemplateId:928390828;,3600,86400,Approved,Thu Jun 04 18:02:23 PDT 2020,Thu Jun 04 18:14:24 PDT 2020,Fri Jun 05 18:14:24 PDT 2020,Fri Jun 05 01:02:16 PDT 2020,721.0,100% (1/1),100% (1/1),100% (1/1)
Soprano et al,worker_190,3SL9J757T8FWABHDH1DDOZH59OG631,Misinformation - Political Statements,Classification of misinformation from political statements,"misinformation, political, news",$2.00,Thu Jun 04 03:09:29 PDT 2020,Fri Jun 19 03:09:29 PDT 2020,1,BatchId:4066386;OriginalHitTemplateId:928390828;,3600,86400,Approved,Thu Jun 04 17:32:26 PDT 2020,Thu Jun 04 18:27:37 PDT 2020,Fri Jun 05 18:27:37 PDT 2020,Fri Jun 05 01:02:14 PDT 2020,3311.0,100% (1/1),100% (1/1),100% (1/1)
Soprano et al,worker_60,3SL9J757T8FWABHDH1DDOZH59OG631,Misinformation - Political Statements,Classification of misinformation from political statements,"misinformation, political, news",$2.00,Thu Jun 04 03:09:27 PDT 2020,Fri Jun 19 03:09:27 PDT 2020,1,BatchId:4066386;OriginalHitTemplateId:928390828;,3600,86400,Approved,Thu Jun 04 19:23:46 PDT 2020,Thu Jun 04 19:33:00 PDT 2020,Fri Jun 05 19:33:00 PDT 2020,Fri Jun 05 01:02:20 PDT 2020,554.0,100% (1/1),100% (1/1),100% (1/1)
Soprano et al,worker_78,3SL9J757T8FWABHDH1DDOZH59OG631,Misinformation - Political Statements,Classification of misinformation from political statements,"misinformation, political, news",$2.00,Thu Jun 04 03:09:31 PDT 2020,Fri Jun 19 03:09:31 PDT 2020,1,BatchId:4066386;OriginalHitTemplateId:928390828;,3600,86400,Approved,Thu Jun 04 19:13:52 PDT 2020,Thu Jun 04 19:35:37 PDT 2020,Fri Jun 05 19:35:37 PDT 2020,Fri Jun 05 01:02:14 PDT 2020,1305.0,100% (1/1),100% (1/1),100% (1/1)
Soprano et al,worker_86,3SL9J757T8FWABHDH1DDOZH59OG631,Misinformation - Political Statements,Classification of misinformation from political statements,"misinformation, political, news",$2.00,Thu Jun 04 03:09:31 PDT 2020,Fri Jun 19 03:09:31 PDT 2020,1,BatchId:4066386;OriginalHitTemplateId:928390828;,3600,86400,Approved,Thu Jun 04 20:07:19 PDT 2020,Thu Jun 04 20:31:01 PDT 2020,Fri Jun 05 20:31:01 PDT 2020,Fri Jun 05 01:02:17 PDT 2020,1422.0,100% (1/1),100% (1/1),100% (1/1)
Soprano et al,worker_108,3SL9J757T8FWABHDH1DDOZH59OG631,Misinformation - Political Statements,Classification of misinformation from political statements,"misinformation, political, news",$2.00,Thu Jun 04 03:09:30 PDT 2020,Fri Jun 19 03:09:30 PDT 2020,1,BatchId:4066386;OriginalHitTemplateId:928390828;,3600,86400,Approved,Thu Jun 04 21:06:32 PDT 2020,Thu Jun 04 21:28:28 PDT 2020,Fri Jun 05 21:28:28 PDT 2020,Fri Jun 05 01:02:23 PDT 2020,1316.0,100% (1/1),100% (1/1),100% (1/1)
Soprano et al,worker_178,3SL9J757T8FWABHDH1DDOZH59OG631,Misinformation - Political Statements,Classification of misinformation from political statements,"misinformation, political, news",$2.00,Thu Jun 04 03:09:33 PDT 2020,Fri Jun 19 03:09:33 PDT 2020,1,BatchId:4066386;OriginalHitTemplateId:928390828;,3600,86400,Approved,Thu Jun 04 21:05:55 PDT 2020,Thu Jun 04 21:43:53 PDT 2020,Fri Jun 05 21:43:53 PDT 2020,Fri Jun 05 01:02:12 PDT 2020,2278.0,100% (1/1),100% (1/1),100% (1/1)
Soprano et al,worker_34,3SL9J757T8FWABHDH1DDOZH59OG631,Misinformation - Political Statements,Classification of misinformation from political statements,"misinformation, political, news",$2.00,Thu Jun 04 03:09:29 PDT 2020,Fri Jun 19 03:09:29 PDT 2020,1,BatchId:4066386;OriginalHitTemplateId:928390828;,3600,86400,Approved,Thu Jun 04 21:40:03 PDT 2020,Thu Jun 04 22:05:02 PDT 2020,Fri Jun 05 22:05:02 PDT 2020,Fri Jun 05 01:02:14 PDT 2020,1499.0,100% (1/1),100% (1/1),100% (1/1)
Soprano et al,worker_18,3SL9J757T8FWABHDH1DDOZH59OG631,Misinformation - Political Statements,Classification of misinformation from political statements,"misinformation, political, news",$2.00,Thu Jun 04 03:09:29 PDT 2020,Fri Jun 19 03:09:29 PDT 2020,1,BatchId:4066386;OriginalHitTemplateId:928390828;,3600,86400,Approved,Thu Jun 04 22:37:33 PDT 2020,Thu Jun 04 23:06:50 PDT 2020,Fri Jun 05 23:06:50 PDT 2020,Fri Jun 05 01:02:24 PDT 2020,1757.0,100% (1/1),100% (1/1),100% (1/1)
Soprano et al,worker_6,3SL9J757T8FWABHDH1DDOZH59OG631,Misinformation - Political Statements,Classification of misinformation from political statements,"misinformation, political, news",$2.00,Thu Jun 04 03:09:28 PDT 2020,Fri Jun 19 03:09:28 PDT 2020,1,BatchId:4066386;OriginalHitTemplateId:928390828;,3600,86400,Approved,Thu Jun 04 23:24:07 PDT 2020,Thu Jun 04 23:50:31 PDT 2020,Fri Jun 05 23:50:31 PDT 2020,Fri Jun 05 01:02:13 PDT 2020,1584.0,100% (1/1),100% (1/1),100% (1/1)
Soprano et al,worker_152,3SL9J757T8FWABHDH1DDOZH59OG631,Misinformation - Political Statements,Classification of misinformation from political statements,"misinformation, political, news",$2.00,Mon Jun 01 05:44:48 PDT 2020,Tue Jun 16 05:44:48 PDT 2020,1,BatchId:4062037;OriginalHitTemplateId:928390828;,3600,86400,Approved,Tue Jun 02 00:17:44 PDT 2020,Tue Jun 02 00:40:12 PDT 2020,Wed Jun 03 00:40:12 PDT 2020,Wed Jun 03 00:35:52 PDT 2020,1348.0,100% (1/1),100% (1/1),100% (1/1)
Soprano et al,worker_26,3SL9J757T8FWABHDH1DDOZH59OG631,Misinformation - Political Statements,Classification of misinformation from political statements,"misinformation, political, news",$2.00,Mon Jun 01 05:44:46 PDT 2020,Tue Jun 16 05:44:46 PDT 2020,1,BatchId:4062037;OriginalHitTemplateId:928390828;,3600,86400,Approved,Tue Jun 02 02:38:21 PDT 2020,Tue Jun 02 03:04:59 PDT 2020,Wed Jun 03 03:04:59 PDT 2020,Wed Jun 03 00:35:53 PDT 2020,1598.0,100% (1/1),100% (1/1),100% (1/1)
Soprano et al,worker_24,3SL9J757T8FWABHDH1DDOZH59OG631,Misinformation - Political Statements,Classification of misinformation from political statements,"misinformation, political, news",$2.00,Mon Jun 01 05:44:44 PDT 2020,Tue Jun 16 05:44:44 PDT 2020,1,BatchId:4062037;OriginalHitTemplateId:928390828;,3600,86400,Approved,Tue Jun 02 03:25:01 PDT 2020,Tue Jun 02 04:05:35 PDT 2020,Wed Jun 03 04:05:35 PDT 2020,Wed Jun 03 00:35:52 PDT 2020,2434.0,100% (1/1),100% (1/1),100% (1/1)
